id_canal,name_canal,Water Storage,TEMP_54,TEMP_55,TEMP_56,TEMP_57,pH_54,pH_55,pH_56,pH_57,DO_54,DO_55,DO_56,DO_57,H2S_54,H2S_55,H2S_56,H2S_57,BOD_54,BOD_55,BOD_56,BOD_57,COD_54,COD_55,COD_56,COD_57,SS_54,SS_55,SS_56,SS_57,TKN_54,TKN_55,TKN_56,TKN_57,NH3N_54,NH3N_55,NH3N_56,NH3N_57,NO2_54,NO2_55,NO2_56,NO2_57,NO3_54,NO3_55,NO3_56,NO3_57,T-P_54,T-P_55,T-P_56,T-P_57
1,คลองกรวย,ซ.เจริญกรุง 71,28.8,29.1,29.4,29.8,7,6.9,7.4,7.2,0.9,0,1.5,1,0.2,0.2,1,0.2,18.8,38.2,17.5,25.4,71.3,199.1,193.8,109.5,20.2,84.5,24.9,34.2,11.4,11,11.2,10.9,7.8,7.5,8.3,7.9,0.1,0.2,0.2,0.2,2.2,2.2,2.8,2.5,0.6,1.3,1,1.1
2,คลองกุ่ม,หมู่บ้านสหกรณ์ (ซ.28),29.4,29,29.4,29.3,7.1,7.2,7.5,7.5,0.7,0.5,0,0.5,0.2,0.1,2.4,2.5,20.2,32.5,36.1,24.5,77,121.3,246.4,93.3,25.1,32.6,27.8,25.5,9.5,13.7,25.9,23.7,6.1,11,23.2,18.8,0,0.1,0.1,0,2.5,2.4,2.6,2.8,0.9,1.4,1.7,1.3
3,คลองกุ่ม,ถ.สุขาภิบาล 2,29.4,29,29.4,29.3,7.1,7.1,7.5,7.4,0.6,2.1,1.9,1.5,0.2,0.1,0.1,1.3,18.3,14.5,13.8,18.1,69.3,84,97.8,73.6,27,27.2,22.3,21.3,8.9,10,13.2,16.6,6,6.1,9.5,13.4,0.1,0.4,0.3,0.2,2.6,2.1,2.2,2.7,0.8,1,1.3,1.3
4,คลองเกร็ด,ถ.ปัญญา - เนเจอรัลปาร์ค,30.7,29.3,29.6,29,7,7,7.3,7.2,0.9,0.6,0.1,0.1,0.8,0.1,1.4,3.1,12.4,10.4,11.4,14.4,38.9,58.2,83.5,56.5,9,21.5,10.9,11.2,7.7,7.5,14.4,13.7,4.4,4.8,11.2,11.4,0.1,0.2,0.3,0.1,2.5,2.2,2.3,2.6,0.5,0.8,1.2,1
5,คลองขวาง,ถ.เจริญกรุง 72,28.8,29.1,29.4,29.8,7.1,6.9,7.4,7.2,0.4,0.5,0.1,0.3,0.2,0.2,1.2,0.4,21.2,24.9,28.9,24.1,73.3,93.2,140.6,90.1,18.7,39.1,18.4,23.4,12.4,9.1,15.2,12.9,8.8,6,12.5,10.2,0.1,0.2,0.2,0.1,2.6,1.9,2.3,2.3,0.7,1.1,1.2,1.6
6,คลองขุนราชวินิตใจ,หน้า ปตร.คลองขุนฯ,30.4,30.9,30.8,29.8,7.4,7.3,7.5,7.5,3.3,3.8,3.8,3,0,0,0,0,6.3,4,7.3,8.3,65.7,96,56.5,62.5,26.7,9,14.4,38.6,3.4,2.6,2.7,2.7,0.6,0.5,1.1,1,0.8,0.7,0.1,0.1,0.7,0.2,0.3,0.2,1.2,1.5,1.6,1.7
7,คลองขุนราชวินิตใจ,ตรงข้าม ปตร.รางสะแก,30.3,30.5,30.8,29.8,7.4,7.5,7.5,7.5,4,4.3,2.8,3,0,0,0,0,6,6.5,6.5,7.7,66.7,51.8,64.1,54.3,19.2,14,11.4,17.3,2.6,3.2,2.7,2.5,0.7,0.9,1.2,1.1,0.6,0.4,0.1,0.2,0.4,1,0.4,0.6,1.2,1.5,1.5,1.8
8,คลองขุนราชวินิตใจ,วัดหัวกระบือ,30.4,30.8,30.4,29.8,7.5,7.4,7.5,7.5,3.4,3.7,3,2.1,0,0,0,0,8.7,5.8,7,9.8,68.8,48.9,59.5,65.1,21.9,21.9,14,31.8,3.2,2.7,2.6,2.8,0.5,1,1.1,0.9,0.4,0.4,0.2,0.1,0.4,1,0.3,0.3,1.4,1.5,1.7,1.7
9,คลองครุ,ถ.เสรีไทย 67,30.7,29.3,29.6,29,7.1,7.3,7.4,7.3,1,3,2.3,1.5,0.1,0,0.1,0,11.2,11.4,10.8,11.8,39.5,90.9,94.5,62.4,11.9,24.4,13.9,20.2,6.4,7.4,13.7,13,3.7,4.3,11.1,9.1,0.1,0.1,0.4,0.2,2.5,2.1,2.8,2.3,0.7,0.9,1.1,1
10,คลองควาย,ถ.พุทธมณฑลสาย 2,30.5,30.5,30.8,30.2,7.5,7.5,7.5,7.5,2.4,2.4,2.6,2.2,0,0,0,0,7.7,7.4,7.8,10.2,59.6,62,58.1,49.2,19.2,14.6,15,23.3,3.5,3.1,2.4,2.4,0.4,0.5,0.8,1,0.8,0.3,0,0.1,0.3,0.7,0.4,0.4,1.3,1.3,1.7,1.6
11,คลองคอตัน,ถ.ปัญญา - เนเจอรัลปาร์ค,30.7,29.3,29.6,29,7,7.2,7.3,7.1,1.4,3.9,2.2,0.9,0.3,0,0.1,0.6,9.3,9.8,6.3,10.7,37.2,100.5,121.5,52.6,18.3,27.1,15.4,17.4,5.9,6.1,7.5,10.6,3.1,2.6,5.4,6.6,0.1,0.2,0.4,0.2,2.5,2.6,2.4,2.3,0.5,0.8,1,0.8
12,คลองคูเมืองเดิม,ปตร.ราชินี,29.2,28.5,29.1,29.3,6.9,6.8,7.5,7.2,1.8,1,1.6,3.1,0,0.1,0.1,0,8.4,9.7,9.8,6.6,31.7,35.5,67.1,52.6,23.6,26.2,19.5,23.8,5.2,4.4,6.6,3.7,2.3,2.3,2.9,1.6,0.2,0.2,0.3,0.4,2.8,2.1,1.7,2.8,0.4,0.6,0.7,0.4
13,คลองคูเมืองเดิม,หน้ากรมที่ดิน,29.2,28.5,29.1,29.3,7,6.9,7.5,7.3,2.3,1.5,3.1,3.2,0,0,0,0,5.8,6.1,5.4,7,26.7,34.4,101,56.7,34,24.1,12.9,16.6,3.9,3.8,4.3,4.6,1.4,1.1,1.2,2.5,0.2,0.3,0.4,0.4,2.5,1.7,2.1,2.7,0.4,0.4,0.5,0.4
14,คลองคูเมืองเดิม,อนุสาวรีย์พระแม่ธรณีบีบมวยผม สนามหลวง,29.2,28.5,29.1,29.3,7,6.9,7.4,7.2,2.3,1.7,3,1.5,0,0,0.1,0.3,6.6,6.2,7.1,9.8,27.3,25.5,96.3,49.9,24.6,26.3,14.6,16,3.7,3.4,5,7,1.6,0.8,1.5,2.6,0.2,0.3,0.6,0.2,2.5,1.9,2.7,1.9,0.3,0.3,0.5,0.6
15,คลองคูเมืองเดิม,ปตร.พระปิ่นเกล้า,29.2,28.5,29.1,29.3,7,6.9,7.4,7.2,2.6,3.1,1.8,1.7,0,0,0,0.5,3.4,3.5,6,9.4,23.8,24.1,72.6,55.1,24.6,31.1,21.1,19.3,2.8,2.2,4.5,4.7,0.5,0,1,2.8,0.1,0.1,0.4,0.3,2.3,1.8,2.4,2.6,0.3,0.2,0.4,0.5
16,คลองเคล็ด,ถ.อุดมสุข 51 ซ.วชิรธรรมสาธิต 57,28.9,29.2,29.1,29.6,7.1,7,7.4,7.3,0.1,0,0.4,1.3,0.8,0.2,0.4,1.5,21,19.5,13.6,19.5,72.3,68.6,79.9,82,19.1,16.4,17.1,19.3,10.4,10.4,12,16.8,6.3,6.6,8.5,12.2,0,0.2,0.2,0.1,2.5,2.4,2,2.4,0.9,1,1.1,1.1
17,คลองจรเข้,ถ.สุขาภิบาล 5,29.5,28.8,29.3,29.8,6.9,6.9,7.3,7.3,0.3,0,0,0,1.6,0.4,2.4,1,22.5,39.5,34.3,18.9,77,110.6,126.4,71.4,19.3,25,14.4,14.8,11.4,17.1,19.6,14.3,8.9,13.2,17.7,11.8,0.1,0.1,0.1,0.1,2.9,2.7,2.7,2.4,0.9,1.4,1.4,1.1
18,คลองเจ็ก,ถ.สุขาภิบาล 3 ซ.รามคำแหง 149,28.6,28.5,29.3,29,7.2,7.2,7.6,7.2,2.3,2.7,3.8,2.3,0,0,0,0.2,9.1,10.7,7,9.9,55.7,68.5,146,69.8,20.8,28,15.6,20.3,3.8,8.8,7.8,10.4,1.8,4.7,5.2,7.9,0.1,0.4,0.2,0.2,2.4,2.2,1.9,2.1,0.5,0.7,0.9,0.8
19,คลองเจ็ก,ถ.รถไฟสายเก่า แฟลตเอื้ออมรสุข,28.9,29.2,29.3,29.6,7.1,6.9,7.3,7.2,0.4,1.2,0.2,0.2,0.3,0.1,0.5,1.6,15.2,13.6,15.1,18,52.8,59.1,112.1,59.3,15.2,18.9,21.4,18.3,8.1,7.6,11.4,12.3,5.3,4.5,7.9,9.4,0.1,0.2,0.2,0.1,2.2,2,2.1,2,0.7,0.8,1.1,1
20,คลองแจงร้อน,ถ.ราษฎร์บูรณะ,30.7,30.7,30.9,30.1,7.5,7.5,7.4,7.4,2.8,2.5,2.5,1.8,0,0,0,0,5.4,6.6,7,10.7,64.7,54.5,67.5,58.6,12.4,11.1,13.9,20.3,3,2.6,2.4,2.4,1.1,0.8,0.9,1,0.5,0.4,0.1,0.2,0.4,0.5,0.5,0.5,1.6,1.5,1.7,1.6
21,คลองแจงร้อน,ถ.สุขสวัสดิ์,30.4,30.6,30.5,30,7.5,7.5,7.5,7.4,2.4,2.5,2.6,2.4,0,0,0,0,5.4,5.8,7.3,10.2,61.8,48.7,59,56.5,11.7,13.6,14.8,19.5,2.1,2.7,2.6,2.6,0.7,0.9,1.1,1,0.7,0.6,0.1,0.1,0.7,0.4,0.3,0.3,1.5,1.7,1.8,1.5
22,คลองช่องนนทรี,ถ.นราธิวาสราชนครินทร์,29.4,29.1,29.5,29.3,7.2,6.9,7.5,7.2,0.4,0.7,0.4,1.6,0.1,0.1,3.1,0.1,20.4,11.6,19.3,10,62.2,67.3,119.1,67.9,15.7,21.2,43,29.2,10.8,6.9,13,7,7.6,3.6,9.7,4.1,0,0.2,0.4,0.3,2.2,1.4,1.9,2,0.8,0.8,1.2,0.8
23,คลองช่องนนทรี,ถ.นราธิวาสราชนครินทร์ ตัดแยก ถ.จันทร์,29.4,29.1,29.5,29.3,7.1,6.9,7.4,7.2,0,0.3,0,0.4,0.3,0.2,1.4,0.8,23.1,19.8,23,14.3,72.2,71.7,107.5,77,14,12.5,12.4,26.7,13.5,8.7,12.2,10.9,10.7,5.4,10,7.6,0,0.1,0.3,0.2,2.4,1.6,2.1,2,0.8,1,1.2,0.9
24,คลองช่องนนทรี,ก่อนแยกสาทร,29.4,29.1,29.5,29.3,7.2,6.9,7.4,7.2,0,0.1,0,0.5,0.6,0.1,1.4,0.8,21.6,19,23.6,15,70.7,71.1,126.3,74.4,14.7,13.5,24.6,26.1,12.3,7.9,15.1,11,9.3,5.2,12.4,7.3,0,0.1,0.3,0.2,2.5,1.9,2.4,2,1.4,1,1.4,1
25,คลองช่องนนทรี,ตัด ถ.สีลม,29.4,29.1,29.5,29.3,7.1,6.9,7.3,7.2,0.1,0.2,0,0,0.5,0.1,1.3,0.8,25.1,37.2,40.6,25.1,93.7,128.6,270.8,101.3,22.3,30,46.6,21,18.2,11.3,18.5,18.3,11.8,7.7,16.3,14,0,0.1,0.2,0.1,2.4,1.9,2.8,2.4,1.5,1.2,1.6,1.3
26,คลองช่องนนทรี,ตัด ถ.สุรวงศ์,29.4,29.1,29.5,29.3,7,6.8,7.3,7.2,0.1,0.1,0,0,0.4,0.1,1.5,1.1,24.3,46.4,46.9,35.2,104.2,143.8,287.5,133.3,22.3,38,38.1,33.3,17,12.5,19.9,20.7,12.3,8.3,17.3,15.3,0,0.1,0.2,0,2.6,2,2.5,2.7,1,1.3,1.5,1.4
27,คลองช่องนนทรี,หน้าโรงงานควบคุมคุณภาพน้ำช่องนนทรี,29.4,29.1,29.5,29.3,7,6.9,7.4,7.2,0.2,0.9,0.9,1.8,0.3,0,0.6,0.1,14.1,14.2,11.4,8,56.8,161.1,93.5,72,16.7,47.5,15.9,28,9.7,8.3,10.9,6.3,6.3,3.2,6.5,3,0,0.2,0.3,0.2,1.9,1.7,2.6,2.1,0.7,0.7,0.9,0.7
28,คลองเชิงตาแพ,ปตร.เชิงตาแพ,30.4,30.6,30.5,30.2,7.4,7.5,7.5,7.5,4.3,4.5,4.1,3.8,0,0,0,0,6.6,5.9,7,6.4,66.8,55.1,67.9,57.8,33,13.2,15.6,35.9,2.5,2.4,2.7,2.5,0.6,0.9,0.8,0.9,0.6,0.4,0.1,0,0.5,0.5,0.3,0.3,1.4,1.5,1.4,1.6
29,คลองซุง,ใต้สะพานพระราม 6 ข.ทางรถไฟบางซ่อน,28.7,28.7,29.6,29.8,7.2,7.6,7.4,7.5,2.4,6.7,2.1,4.1,0.1,0,0.1,0,12.6,5.7,6.3,4.8,71.4,52.6,82.4,41.3,40.1,26.5,14.4,20.9,6.4,2.6,5.5,3.8,3.9,0.5,2.6,1.3,0.1,0.1,0.4,0.3,2,1.7,2.3,1.9,0.4,0.2,0.5,0.3
30,คลองด่าน,ถ.เทอดไทย,30.6,30.7,30.4,30.1,7.5,7.5,7.5,7.5,3.7,3.5,3.1,1.9,0,0,0,0,6.9,8.2,7.8,9.6,62.3,71.2,68.5,53.7,13,13.5,17.9,20.8,2.5,2.4,2.5,2.1,0.7,1.1,0.7,0.8,0.5,0.3,0,0,0.8,0.4,0.5,0.3,1.4,1.7,1.5,1.5
31,คลองด่าน,ท่าน้ำวัดนางนองวรวิหาร (ถ.วุฒากาศ),30.8,30.7,30.5,30.1,7.5,7.4,7.5,7.5,3.1,3.6,3.5,1.9,0,0,0,0,7,6.5,6.3,9.3,55.7,66.7,62,54.3,13.3,14.5,13.8,19.5,3.2,2.5,2.3,2.4,0.7,0.8,1,1.3,0.6,0.7,0,0,0.4,1,0.3,0.4,1.5,1.5,1.8,1.3
32,คลองดาวคะนอง,ถ.เจริญนคร,30.9,31,30.8,30.5,7.4,7.5,7.4,7.5,3.1,3.5,3,3.7,0,0,0,0,6.6,5.4,6.6,7.4,50.3,60,62.5,55.7,15.6,13.7,15.9,22.4,1.6,2.1,2.3,2.7,0.7,0.6,1.1,1,0.7,0.3,0.2,0,0.5,0.4,0.4,0.4,1.7,1.5,1.8,1.3
33,คลองดาวคะนอง,ถ.พระเจ้าตากสิน หลังโรงเก็บขนมูลฝอย,30.8,31.1,30.5,30.5,7.5,7.4,7.5,7.5,3,2.9,4,3.6,0,0,0,0,6.5,6.9,7.1,6.8,60.8,64.5,60.5,59.5,10.5,12.5,13.6,22.4,1.7,2.7,2.7,2.8,0.7,0.9,0.8,1.1,0.8,0.7,0.1,0,0.7,0.3,0.5,0.2,1.6,1.7,1.8,1.5
34,คลองต้นไทร,ถ.เจริญนคร 17,30.8,31,30.3,30.2,7.5,7.4,7.4,7.4,2.6,2.9,3,2,0,0,0,0,8.6,6.9,7,9.8,72.8,71.8,57.8,51,14.1,12.6,13.6,18.8,3.4,2.9,2.4,2.4,0.8,1,1,0.7,0.7,0.5,0,0.1,0.4,0.3,0.1,0.3,1.6,1.6,1.6,1.5
35,คลองตะเข้ขบ,ถ.เฉลิมพระเกียรติ ร.9 ซ.79,28.8,29.2,29.6,29.5,7,7,7.4,7.3,1.1,1.1,1.5,1.2,0.3,0.2,0.1,1.8,9.7,7.7,8.1,9.5,77.7,54.3,68,43.3,58.6,16.2,14,10.7,6.4,5.6,7.5,8.5,2.7,3.1,4.8,5.9,0.1,0.1,0.1,0.1,2.4,2,2.3,2,0.6,0.7,0.9,0.7
36,คลองตะเข้ขบ,ถ.ลาดกระบัง ใต้ทางด่วน,28.8,29.2,29.6,29.5,7,7,7.4,7.2,1.5,2.2,2.4,1.3,0,0,0.1,0.1,6.1,5.6,8.1,8.8,40.3,48.5,90.9,57.6,14.2,16.4,9.4,16.5,5.6,5.5,8.1,6.8,2,1.7,4.6,4.7,0.1,0.3,0.3,0.2,2.5,2,3.4,2.5,0.5,0.4,0.7,0.7
37,คลองตัน,ปตร.คลองตัน,30.1,29.4,29.4,30,7.1,7,7.4,7.2,1.3,1.4,0.9,0.6,0.2,0.2,0.4,0.1,8.8,17.1,13.4,13.9,55.3,119.5,198.6,65.6,41.5,65.4,53.6,25.2,7.4,9.6,11,9.6,3.7,6.9,8.3,7.1,0.2,0.2,0.4,0.1,2.1,1.9,2,2.2,0.5,1,1.1,0.9
38,คลองตาช้าง,สถานีสูบน้ำคลองตาช้าง ถ.ศรีนครินทร์,30.3,28.8,29.1,29.8,7.2,7,7.4,7.2,2.1,0.8,0.5,0,0.4,0.3,0.9,0.7,10.9,17.5,12.8,14.8,61.8,76.9,64.6,50.7,13.3,26.5,16.6,13.7,6.2,8.8,8.5,14.1,3.9,4.9,5.7,10.2,0.1,0.2,0.3,0.1,2.2,2.2,3.2,2.2,0.7,1.1,1,1.1
39,คลองตาพุก,ถ.ลาดกระบัง ใกล้ ซ.4,28.8,28.8,29.5,30.1,7,7.1,7.5,7.1,1.3,1.5,2.2,1.3,0.1,0,0.3,0.3,11.1,7.7,9.6,12.8,54.8,55.7,121.6,62.1,14,20.5,19,27.3,6.2,5.1,9.9,10.7,3.4,2.2,6.1,6.8,0.2,0.3,0.5,0.2,2.8,2.5,3.1,2.6,0.6,0.5,1,0.9
40,คลองเตย,ปตร.คลองเตย,28.8,29.1,29.4,29.6,7,6.8,7.2,7.1,0,0,0.6,0,0.3,0.2,1.7,0.7,31.4,49.4,33.8,28.3,105.5,146.5,212.8,98.4,24.4,45.7,25.6,27.5,13.3,14.2,15.2,14.5,9.8,10.4,13.1,12,0,0,0.1,0,2.7,2.3,1.9,2.1,0.9,1.5,1.4,1.3
41,คลองเตย,อาคารทวิช,28.8,29.1,29.4,29.6,7,6.8,7.3,7.1,0,0,0,0,0.3,0.4,1.3,1.4,38.3,61.4,47.5,44.9,173.6,184.3,210.4,120.4,29.8,38.4,46.3,28.4,16.1,14.4,18.9,15.7,10.2,10.4,16,13.9,0,0,0,0.1,3.4,2.7,2.1,2.4,1,1.5,1.5,1.3
42,คลองทรายกองดิน,ถ.ราษฎร์อุทิศ สุเหร่าทรายกองดิน,28.6,29.4,29.6,29.7,7,6.9,7.4,7.2,2,2,3.5,2.4,0,0,0,0,4.2,3.5,3.6,5,37,55.5,69.3,39.8,19.2,31.5,23.3,32.8,2.6,3.6,5.6,4.7,0.8,1,3.3,1.8,0.2,0.1,0.3,0.2,2.2,2.2,2.3,2.1,0.2,0.2,0.5,0.4
43,คลองทวีวัฒนา,ถ.ปิ่นเกล้า - นครชัยศรี,30.5,30.7,30.5,30.1,7.5,7.4,7.5,7.5,3.6,3.3,3.4,3.1,0,0,0,0,6.4,5,7.3,6.8,63.6,65.8,66,57.8,12.1,12,12.5,11,1.9,2.5,2.5,2.4,0.5,0.9,0.9,1,0.8,0.6,0,0.1,0.4,0.4,0.2,0.3,2.5,2,1.3,1.5
44,คลองทวีวัฒนา,แยก ถ.เพชรเกษม 69,30.7,30.6,30.5,30.1,7.5,7.6,7.4,7.5,3.8,3.1,2.3,2.4,0,0,0,0,5.6,5.2,8.3,8.9,68.7,65.1,52,54.5,14,13.4,14.4,12.3,3,2.8,2.5,2.6,1.1,1,1.1,1,0.5,0.3,0.1,0.1,0.3,0.4,0.5,0.2,2.5,1.9,1.5,1.7
45,คลองทวีวัฒนา,สน.ศาลาแดง,30.9,30.8,30.5,30.1,7.5,7.5,7.5,7.4,3.8,3.1,3,2.7,0,0,0,0,6.4,5.6,8.9,8.3,65.5,53.6,53.9,47.2,16.5,17.9,18.8,14.3,2.7,2.8,2.6,2.6,1.1,1.3,1,0.9,0.7,0.4,0.1,0.1,0.5,0.6,0.5,0.3,1.1,1.8,1.5,1.4
46,คลองทับช้างล่าง,ถ.กรุงเทพกรีฑา ซ.ภราดร,28.2,28.7,30,29.8,7,7.3,7.4,7.1,1.4,3.5,2.4,0.6,0,0,0.2,0.2,7.2,9.6,6.3,9.3,46.5,72.3,101.5,56,8.8,23.1,14.5,12,5.1,4.6,7.8,8.1,2.6,3,5.3,5.7,0.1,0.3,0.3,0.1,2.5,2.5,2.4,2.3,0.6,0.8,1.1,0.8
47,คลองนาซอง,ถ.ประชาสงเคราะห์ (ซ.พาณิชจำนงค์),29.3,29.2,29.6,29.3,7,6.9,7.2,7.3,0.4,0.1,0.1,0.5,0.9,0.4,0.7,0.6,32.2,43.1,27.6,24.6,83.8,108.4,123,73.8,21.3,17.6,10.8,14.3,12.8,14.4,13.3,15.1,8.5,11,10.9,13.1,0.1,0.1,0.2,0.1,3,2.1,1.9,2.1,0.9,1.4,1.2,1.2
48,คลองนาซอง,ถ.พระราม 9 (สถานีสูบน้ำนาซอง),30.2,30.5,29.6,29.3,7.4,7.4,7.1,7.2,2.2,2.6,0.1,0.2,0.2,0,1.4,1.1,9.4,10.7,28.1,22.9,78.2,75.7,151.3,71,15.2,15.3,12.3,12.4,4.8,4.2,14.7,13.5,2.1,2,11.3,11.2,0.4,0.3,0.3,0.1,0.7,0.8,2.3,2.1,1.1,1.6,1.2,1.1
49,คลองน้ำแก้ว,ถ.ลาดพร้าว (ซ.ลาดพร้าว 35) ,30.9,29.2,29.4,29.3,7.1,7,7.6,7.3,0,0.3,1.1,0.3,0.8,0.1,0.2,1,20.6,23.2,12.6,17.1,79.7,94.6,79.9,99.7,17.8,42.2,19.5,15.7,12,10.8,10.5,14.5,7.6,8.2,7.2,9.9,0.1,0.2,0.2,0.1,2.3,2,2,2.2,0.8,1.4,1,1.2
50,คลองน้ำแก้ว,ถ.รัชดาภิเษก,29.5,29.1,29.4,29.2,7.1,7,7.6,7.3,0.1,0,1,0.5,0.3,0.1,0.2,1.7,30.9,34,15.3,17.4,91.2,95.9,144.8,69.2,18.7,22.4,82.4,14.8,12.4,15.3,12.1,14.2,9.3,11.3,7.7,11.4,0,0.1,0.2,0.1,2.5,2.4,1.8,2.2,0.7,1.4,1,1.2
51,คลองบัว,ถ.สวนผัก 46,30.7,30.5,30.4,30.2,7.5,7.5,7.5,7.4,3,2.5,2.7,2.5,0,0,0,0,7.6,7.2,7.4,9.4,58,71.5,71,53.8,13.8,14.3,15.1,20.8,2.2,2.4,1.9,2.5,0.5,0.7,1,1,0.8,0.4,0.1,0.1,0.4,0.5,0.3,0.3,1.8,1.5,1.9,1.4
52,คลองบัว,โรงเรียนบ้านคลองบัว ถ.สุขาภิบาล 5,29.5,28.8,29.3,29.9,7,6.9,7.3,7.2,0.3,0.8,0.3,0,1.5,0.1,1.2,1.3,16.5,15.7,14.6,17.2,70.8,59.9,94.4,65.4,19.8,20.6,10.5,14.8,8,6.7,9.3,15,4.2,4.6,6.8,13,0.2,0.3,0.2,0.1,2.5,2.6,2.1,2.3,0.8,0.9,1,0.9
53,คลองบัวคลี่,ถ.เลียบมอเตอร์เวย์ หน้าวัดลาดบัวขาว,28.2,28.7,30,29.8,7,7.1,7.4,7.2,2,3.2,3.5,1.4,0,0,0,0.1,8.8,8,4.9,9.6,52.9,52.9,108.6,65,13.7,26.7,15.1,19.4,5.9,5.2,5.9,10.7,2.6,2.7,4,7.7,0.2,0.3,0.3,0.1,2.4,2.5,2.4,2.1,0.6,0.6,1,1
54,คลองบัวลอย,ถ.ลาดกระบัง ใกล้ ซ.22,28.8,28.8,29.5,30.1,7.1,7.1,7.5,7.2,0.2,0.3,0.7,0,0.6,0.4,0.3,3.7,14.5,18.2,17.3,21.2,86.3,93.6,128.3,92,13.6,22.8,12.6,18.3,7.6,9.4,10.9,15.6,5.4,6,8.2,10.6,0.1,0.2,0.3,0.1,4.1,4,4.5,4.1,0.8,1,1.3,1.3
55,คลองบางกรวย,วัดกล้วย (ถ.บางกรวย - ไทรน้อย 22) ,28.8,28.6,29,30,7,7,7.5,7.3,2.4,2.8,2.9,3.3,0,0,0,0,3.2,3.3,4.1,4.5,27.2,35.8,88.1,33.1,15.3,26.5,16.9,28.8,2.5,2.9,3,3.2,0.3,0.2,0.4,1,0.1,0.2,0.4,0.3,1.9,1.9,2.7,2.1,0.3,0.1,0.3,0.3
56,คลองบางกรวย,วัดสำโรง (สะพานเฉลิมศักดิ์),28.8,28.6,29,30,7,7,7.5,7.3,2.2,2.8,2.7,3.1,0,0,0,0,3.5,3.2,3.7,4.8,20.9,35.7,58.6,31.8,15.5,28.1,16.4,24,2.9,2.2,3.1,3.9,0.4,0.2,0.5,0.7,0.1,0.1,0.4,0.2,2,1.9,2.8,2,0.2,0.2,0.3,0.3
57,คลองบางกระบือ,ถ.สามเสน (บจก.บุญรอดบริวเวอรี่),29.2,29.2,28.8,29.1,7.1,6.9,7.6,7.1,0.8,0.2,1.5,1.9,1.3,0.2,0.3,0.1,27.4,40.1,17.5,14.2,68.9,100.4,101.1,55.8,18.3,21.2,12.5,35,11.4,15.3,7.7,4.7,8.1,10.3,4.5,2.1,0.2,0.2,0.4,0.4,2.4,2.1,2.3,2.3,0.9,1.5,1,0.6
58,คลองบางกอกน้อย,ถ.อรุณอัมรินทร์,30.5,30.9,30.4,30.3,7.5,7.5,7.5,7.5,4,3.2,2.6,2.9,0,0,0,0,7,6.3,7.3,7.1,64.8,57.4,63.5,58.7,21,14.5,13.4,15.3,2,2.6,2.9,2.3,1.2,1.3,0.9,0.6,0.6,0.7,0.2,0.2,0.3,0.3,0.4,0.4,1.8,1.9,2.2,2
59,คลองบางกอกน้อย,ท่าน้ำวัดสุวรรณาราม,30.3,30.9,30.8,30.3,7.5,7.4,7.4,7.5,3.7,3.6,2.9,3.2,0,0,0,0,7.8,6.3,6.9,6.5,61.5,46.4,56.5,55.3,10.4,11.3,11.5,15.8,4,3.3,2.6,2.2,1.7,1.3,0.9,0.8,0.7,0.4,0.1,0.1,0.6,0.5,0.2,0.2,1.6,1.7,1.7,1.8
60,คลองบางกอกน้อย,ท่าน้ำวัดชลอ (ถ.บางกรวย - ไทรน้อย),28.8,28.6,29,30,7,7,7.5,7.2,1.7,2.4,2.5,2.8,0,0,0,0,3.5,4,3.5,4.8,27.6,39,103.9,34.9,11.2,23.1,27.1,24,2.4,2.2,4.1,2.9,0.5,0.3,0.4,0.5,0.1,0.2,0.3,0.3,2.1,2.2,3.1,2.3,0.2,0.2,0.3,0.3
61,คลองบางกอกน้อย,ซ.ร่วมวงศ์พัฒนา (ถ.บางกรวย - ไทรน้อย),28.8,28.6,29,30,7.1,7.1,7.5,7.2,1.9,2.5,2.5,2.8,0,0,0,0,3.4,3.8,3.4,4.9,28.6,38.5,113.8,33.3,12.1,23.4,25.9,23.8,3.1,1.8,2.7,5.2,0.4,0.1,0.3,0.7,0.2,0.2,0.2,0.3,2,2.1,2.9,2.2,0.3,0.2,0.2,0.3
62,คลองบางกอกน้อย,ท่าน้ำวัดอุทยาน (ถ.บางกรวย - จงถนอม),28.8,28.6,29,30,7.1,7,7.5,7.3,2.1,2.3,3,2.9,0,0,0,0,3.2,4.1,3.7,4.3,28.5,51.5,85,35.7,9.7,20.4,17.1,22.6,2.6,2.2,3.1,3.6,0.4,0.2,0.5,1.4,0.2,0.3,0.4,0.3,1.9,2,2.5,1.9,0.2,0.2,0.2,0.2
63,คลองบางกอกใหญ่,ถ.เพชรเกษม,30.5,29.4,29.6,29.3,7,7,7.4,7.2,1.9,3.2,2.2,2.3,0,0,0,0,3.7,4,2.9,5,31.9,39,80,56.7,20.9,38.3,15.8,30.5,3.9,3.2,4.3,4.2,0.8,0.7,1.6,1.3,0.1,0.2,0.4,0.4,2.1,2.1,2.4,2.6,0.3,0.3,0.4,0.5
64,คลองบางกอกใหญ่,โรงเรียนพาณิชยการธนบุรี,30.6,29.4,29.6,29.3,7,7,7.3,7.2,1.6,2.4,2.1,2.2,0,0,0,0,3.5,3.8,3.6,4.2,38.2,38.2,81.9,45.1,19.5,21.5,19.4,14.8,4,2.9,4,3,0.7,0.6,1.5,1.1,0.1,0.3,0.5,0.5,2.1,2.1,2.6,2.4,0.3,0.3,0.4,0.4
65,คลองบางกอกใหญ่,วัดช่างเหล็ก,30.6,29.4,29.6,29.3,7.1,7.1,7.4,7.2,1.9,2.6,2.5,2.7,0,0,0,0,3.3,3.6,2.8,4,30.8,41.2,86.3,67.7,18.1,30,26.6,18.3,4.8,2.6,3.4,3,0.5,0.4,1,0.6,0.1,0.2,0.5,0.3,2.2,2.1,3.1,2.6,0.3,0.2,0.3,0.4
66,คลองบางกอกใหญ่,บางขุนนนท์,30.6,29.4,29.6,29.3,7.1,7,7.4,7.3,1.8,2.5,2.2,2.9,0,0,0,0,3.7,4.1,3.3,3.8,30.3,49.3,87.6,53.3,14.7,27.8,32.3,16.7,3.1,2.9,3.5,2.9,0.6,0.4,1.1,0.6,0.1,0.3,0.4,0.3,2.1,2.2,3.1,2.7,0.3,0.3,0.3,0.3
67,คลองบางกอกใหญ่,สะพานเจริญพาสน์,30.5,29.4,29.6,29.3,7.1,7,7.3,7.3,1.7,2.3,2.3,2.3,0,0,0,0,4.3,3.7,4.1,5.2,30.3,43.6,75.9,57.8,15.7,46.2,24.4,27.5,5.1,2.9,4.7,2.5,0.8,0.3,3.2,0.7,0.1,0.3,0.4,0.5,2.1,2.1,3,2.8,0.4,0.3,0.4,0.4
68,คลองบางกะปิ,ปตร.บางกะปิ,29.8,29.4,29.6,29.3,7,6.9,7.4,7.2,1.2,1.5,1.4,0.5,0.1,0,0.3,0.6,11.7,10.1,10.6,18.3,43.2,43.8,107.5,74.3,19.8,25.7,16.1,19.3,8,7.4,8,14.1,4.8,4.2,5,11.5,0.2,0.3,0.5,0.3,2.6,2.4,2.5,2.2,0.9,1.2,1.1,1.6
69,คลองบางขุนเทียน,ท่าน้ำวัดบางขุนเทียนนอก (ถ.จอมทอง 19),30.7,31,30.6,30.5,7.5,7.5,7.5,7.5,2.9,3.2,3.5,2.3,0,0,0,0,7.2,6,6.4,8.8,74.4,52.7,58.5,56,13.2,15.5,13,19.3,2.8,2.3,2.3,2.6,1.8,1.1,1.1,1,0.9,0.5,0.2,0.1,0.5,0.9,0.4,0.4,1.8,1.6,1.7,1.5
70,คลองบางขุนเทียน,ถ.พระรามที่ 2,30.6,30.9,30.5,30.5,7.5,7.5,7.4,7.4,3,2.9,3.5,2.3,0,0,0,0,7.6,6.6,6.2,8.3,59.3,56.9,61.9,50.8,11,14.2,14.6,20.4,2.7,2.6,2.8,2.6,1.5,1.3,0.6,0.8,1,0.5,0.3,0.1,0.5,0.7,0.6,0.5,1.3,1.5,2,1.7
71,คลองบางเขน,ปตร.บางเขนเก่า,29.3,29.2,29.1,29.1,7,6.9,7.4,7.1,2.9,3.7,3.5,2.2,0,0,0,0,4.4,2.9,3.3,6.4,38.1,37.7,32.8,39.5,16.4,19.8,15.4,30.7,3.1,2.7,5.9,6.6,0.8,0.7,1.6,3.8,0.1,0.2,0.3,0.3,1.7,2.2,2.2,1.9,0.3,0.2,0.4,0.6
72,คลองบางเขน,วัดทางหลวง,29.3,29.2,29.1,29.1,7,6.9,7.2,7.2,0.5,0.5,0.6,0.1,0.3,0.1,0.6,0.9,8.8,10.6,10.1,15.7,35,51.3,151.9,60.9,25.8,54.8,95,48.5,5.8,6.2,7.3,14,2.7,3.7,4.9,9.5,0.1,0.3,0.3,0.1,1.8,2.1,1.5,1.9,0.5,0.6,0.8,0.8
73,คลองบางเขน,ข้างทัณฑสถานบางเขน,29.2,29.2,29.1,29.1,7,6.9,7.3,7.2,1,0.7,1.5,1.5,0.1,0.6,0.1,0.4,8.3,15.4,7,10.8,37.8,62.3,71.3,44.5,30.6,48.7,20.6,19.8,6.9,6.4,8.5,10.5,3.1,4.4,4.4,6.1,0.1,0.2,0.3,0.1,1.8,1.9,1.7,1.7,0.4,0.6,0.7,0.6
74,คลองบางเขน,ชุมชนบางบัว,29.2,29.2,29.1,29.1,7,6.9,7.3,7.2,0.8,1,0.9,1.1,0.2,0.1,0.7,0.7,8.6,11.9,9.9,10.5,40.4,58.2,67.1,52.4,10.9,24.5,13.4,16.2,7.2,6.9,8.7,10.1,3.9,3.8,6.1,6.6,0.1,0.2,0.3,0.1,2,2.1,2,1.9,0.5,0.6,1,0.8
75,คลองบางเขน,ใกล้โรงงานปรับปรุงคุณภาพน้ำบางบัว,29.2,29.2,29.1,29.1,7.1,6.9,7.4,7.2,1.5,1.2,1.1,0.9,0.3,0.1,0.5,0.7,8.3,10.5,9.4,10.4,39.6,49.7,72.8,46.3,12.8,18.1,14.4,16.4,8,6.8,9.3,10,3.9,4.5,6.4,7,0.1,0.2,0.2,0.1,2.1,2.2,2,1.9,0.5,0.6,1,0.8
76,คลองบางเขนใหม่,ถ.พิบูลสงคราม,29.3,29.2,29.1,29.1,7,6.9,7.3,7.2,1.1,0.3,0.6,0.3,0.1,0.1,0.5,1.3,6.3,9.5,7.6,14.7,48.9,57.6,86.3,60.8,27.2,33.5,38.8,53.6,6.4,5.7,7,11.7,2.7,3.7,4.4,8.1,0.2,0.2,0.3,0.1,1.8,2,2.1,2.1,0.4,0.6,0.6,0.9
77,คลองบางคอแหลม,ถ.พระรามที่ 3 ตรงข้าม บมจ.ธนาคารกสิกรไทย,29.6,29,29.5,30,7.2,6.8,7.4,7.2,1.7,0.8,1.6,1.1,0.2,0.1,0.4,0.1,14.8,15.5,10.5,13.1,71.3,48,93.4,56.3,32.7,20.1,14.8,24.2,8.1,6.6,8.8,10.4,6.2,4.4,6,7.3,0.1,0.2,0.5,0.2,1.9,1.6,2.7,2.3,0.6,0.9,0.8,0.9
78,คลองบางโคล่,ถ.พระรามที่ 3 โรงแรมมณเฑียรริเวอร์ไซด์,29.6,29,29.5,30,7.1,6.8,7.5,7.2,2.2,1.2,2.9,1.3,0,0,0,0.2,8.9,12.5,8.8,12.3,40.6,53.7,170.9,81.1,17.1,23.2,27.8,21.6,9.2,6.3,6.9,7.8,3.1,3.7,3.4,5.2,0.3,0.3,0.5,0.2,3.3,1.5,3.2,2,0.6,1.1,0.9,0.9
79,คลองบางโคล่น้อย,ถ.พระรามที่ 3 โฮมโปร,29.6,29,29.5,30,7.2,6.9,7.5,7.2,2.9,2.2,2.6,1.7,0.1,0,0.2,1,8.7,6.2,11.3,12.5,35.5,29.6,113,63.8,21.6,21.6,23.6,23.9,6.1,3.4,8.1,7.3,3.2,1.5,4.7,5.4,0.1,0.4,0.5,0.3,2.1,1.9,3,2.5,0.4,0.4,0.7,0.8
80,คลองบางโคล่น้อย,ถ.เจริญราษฎร์,29.6,29,29.5,30,7.1,6.9,7.5,7.2,1.3,1,2.1,1.7,0.1,0.1,0.7,0.8,8.9,10.4,9.4,12.8,33.8,40.1,99.3,60.6,12.3,21.5,17.9,19.9,7.2,4.6,6.3,7.8,3.4,2.3,4.3,5.3,0.2,0.2,0.5,0.3,1.8,1.6,2.8,2.3,0.4,0.7,0.7,0.7
81,คลองบางจาก,โรงกลั่นน้ำมันบางจาก (เขตพระโขนง),29.3,29.2,29.6,29.4,7.1,7,7.2,7.2,0.1,0.2,0,0,0.7,0.5,1.8,2.2,18.5,20.9,24.1,21.8,57,69.7,92,70.7,18.6,16,11.3,14.3,9.2,9.2,10.7,13,5.1,6.4,8.2,11.1,0,0.1,0.1,0.1,2.3,2.2,2,2.3,0.8,1.1,1.1,1.2
82,คลองบางจาก,วัดเปาว์โลหิต (เขตบางพลัด),30.5,30.8,30.6,30.3,7.4,7.4,7.5,7.4,2.7,2.5,2.8,2,0,0,0,0,9.2,9.4,6.8,10.3,71.3,56.9,58.5,54.3,13.1,17.7,16.4,19.9,3.1,2.8,2.8,2.6,1.2,0.9,0.9,1.1,1.2,0.5,0.1,0.1,0.3,0.5,0.4,0.4,1,1.8,1.9,1.6
83,คลองบางจาก,ถ.กาญจนาภิเษก ก่อนถึงเดอะมอลล์บางแค,29.6,29.2,30.1,28.9,7,7,7.4,7.2,1,0.7,0.9,0.6,0,0,1.1,0.2,7.5,9.9,10.3,11.9,42.1,42,53.3,59.7,10,18.9,6.6,13.4,3.5,4.3,6.5,8.1,1.3,1.6,3.9,5.2,0,0.1,0.2,0.1,1.8,2.3,1.8,1.5,0.4,0.5,0.6,0.7
84,คลองบางจาก,ถ.พุทธมณฑลสาย 2 บ่อสูบน้ำคลองบางจาก,29.6,29.2,30.1,28.9,7.1,7,7.4,7.2,1.7,1.5,1.9,1.7,0,0,0.4,0.1,6.6,10.5,7.8,9.9,35.5,40.5,73.1,49.8,9.9,12.7,6.8,13.3,3.5,4,5.3,7.1,1.4,1.2,2.9,4.6,0.1,0.2,0.2,0.2,1.9,2,1.9,1.4,0.4,0.5,0.5,0.7
85,คลองบางชัน,ถ.สุขาภิบาล 3 ตรงข้ามธาราการ์เด้น,28.6,28.5,29.3,29,7,7,7.5,7.1,1.5,2.7,3.4,2,0,0,0,0.1,6.8,5.6,7.3,7.9,39.3,50.1,134.8,62.8,22,30,36,20.6,3.4,6.8,7.2,8.2,2.3,2.6,5.2,5.4,0.1,0.2,0.4,0.1,2.3,2,1.8,2.1,0.6,0.4,1,0.8
86,คลองบางซ่อน,ถ.ประชาราษฎร์สาย 1 ซ.34 - 36,28.7,28.7,29.6,29.8,7,7,7.4,7.3,1,1.5,0.1,0.6,0.4,0,0.8,0.8,15.2,7.5,16.1,16.4,42.8,42.2,103.1,52.3,20.9,23.1,16.8,17.3,7.4,4.6,10.9,9.6,4.4,2.1,9.1,7.2,0.1,0.3,0.2,0.1,2.1,2.3,1.9,2.1,0.6,0.4,1.2,0.7
87,คลองบางซื่อ,สะพานพิบูลสงคราม (ถ.ประชาราษฎร์ สาย 1),29.1,29.5,28.8,29.1,7.2,7,7.5,7.1,2,1.3,1.2,1.2,0,0,0,0.2,8.1,11,9.3,8.4,33.5,60,82.4,47.6,13.5,23.5,20.4,22.8,4,4.7,10.4,9.1,1.8,3.4,7.6,6.2,0.2,0.3,0.2,0.4,1.9,2.6,2,2.5,0.4,0.8,1.1,0.9
88,คลองบางซื่อ,ถ.พหลโยธิน,29.1,29.5,28.8,29.1,7.1,7,7.5,7.1,1.3,1.9,0.7,1.8,0.5,0,0.2,0.1,16.5,11.6,11.4,7.3,50.4,60.8,103.4,40.3,26.3,21.6,37.5,11.8,5.9,6.9,10.4,7.7,3.4,4.5,6.8,5.6,0.2,0.5,0.2,0.4,2.4,3.9,2.1,4,0.5,1.1,1.1,1.1
89,คลองบางซื่อ,ถ.รัชดาภิเษก (โรงแรมเจ้าพระยาปาร์ค),29.1,29.5,28.8,29,7.2,7,7.4,7.1,1.6,1.6,1.1,2.2,0.7,0,0,0,15.8,12.5,8.3,9.2,43.8,67.2,95.4,53.8,30.3,24.8,17.5,20.3,6,7.3,9.2,8.7,3.3,4.7,6.3,5.4,0.2,0.5,0.3,0.4,2.4,3.8,2,3.6,0.6,1.2,0.9,1
90,คลองบางนา,หน้ากรมอุตุนิยมวิทยา (ถ.สุขุมวิท),29.3,29.2,29.6,29.4,7,7,7.3,7.3,0.5,0.2,0.9,0.3,0.4,0.3,0.8,1.9,14.3,17.4,19.6,14.9,49.7,65.9,118.9,73.1,17.6,17.5,14.3,17.9,8,7.4,11.2,14.9,5,4.7,9.1,11.4,0,0.2,0.2,0.1,2.5,2.3,2.3,2.7,0.7,1,1.2,1.2
91,คลองบางนา,สะพานบางนา (ถ.ศรีนครินทร์),29.3,29.2,29.6,29.4,7.1,7.1,7.4,7.4,0.3,0,0.5,0.4,0.2,0.5,1.4,1.5,13.3,15.9,14.1,13.2,56.1,70.9,68.5,72.7,22.6,21.9,12.5,18.2,8.2,8.5,12.1,14.8,5.3,5.8,9.5,10.8,0,0.1,0.2,0.1,2.7,2.4,2.2,2.7,0.7,1.2,1.2,1.3
92,คลองบางน้ำชน,ถ.เจริญนคร,30.7,30.6,30.9,30.5,7.5,7.4,7.4,7.4,2.3,3,3.1,2.3,0,0,0,0,8.6,6.7,7.1,10.3,77.7,72.9,47.9,58.5,16.1,14.4,12.6,22.4,2,2.2,2.4,2.5,0.9,0.6,0.9,0.9,0.6,0.3,0.1,0.1,0.5,0.9,0.6,0.4,2,1.9,1.6,1.5
93,คลองบางน้ำชน,ถ.พระเจ้าตากสิน,30.8,31,30.5,30.5,7.5,7.4,7.4,7.4,2.5,3,3.3,2.1,0,0,0,0,7.4,6.7,7.3,9.9,54.5,80.7,61.4,60.2,19.6,13.5,14.3,25.9,1.9,2.4,2.6,2.7,0.7,0.9,0.7,1.1,0.7,0.5,0.2,0.1,0.7,0.5,0.4,0.3,1.5,1.5,1.6,1.5
94,คลองบางบัวหรุ,ซ.จรัญสนิทวงศ์ 45,30.4,30.7,30.5,30.2,7.4,7.4,7.4,7.4,1.8,1.9,2,1.7,0,0,0,0,9.2,8.2,8.9,12.1,64,75.1,51.8,51.3,18.7,15.4,11.1,22.7,3.4,3.2,2.3,2.3,0.8,0.9,1,1,0.7,0.4,0.1,0.2,0.3,0.6,0.3,0.5,1.3,1.4,1.6,1.5
95,คลองบางปะกอก,ถ.ราษฎร์บูรณะ,30.3,30.7,30.6,30,7.5,7.4,7.5,7.5,2.3,2,1.7,2.1,0,0,0,0,8,7.6,9.6,10.1,71.2,66.5,61.8,55.2,13.6,15.1,13.6,19.4,3,2.3,2.6,2.4,1.5,0.8,0.9,1.1,0.8,0.4,0.2,0.1,0.4,0.4,0.3,0.3,1.9,1.7,1.5,1.6
96,คลองบางปะกอก,ถ.สุขสวัสดิ์,30.7,30.5,30.5,30,7.4,7.4,7.5,7.4,2.3,2.2,1.9,2.2,0,0,0,0,8.5,7.7,8.8,10.7,66.3,57.3,64.3,58.3,19.7,17.8,13.8,19.6,3,2.4,2.3,2.1,1.9,1.2,0.9,0.8,0.7,0.4,0.1,0.1,0.2,0.6,0.3,0.5,1.5,1.5,1.8,1.6
97,คลองบางปะแก้ว,ถ.ราษฎร์บูรณะ,30.6,30.2,31,30,7.5,7.4,7.5,7.5,3,3.1,3.6,3.4,0,0,0,0,6.3,6.4,7,8.3,59.5,69.6,48.4,56.3,13.2,16.1,17.9,22,2.6,2.6,2.9,2.6,1,1,0.6,0.7,0.4,0.3,0.1,0,0.4,0.3,0.3,0.4,1.7,1.6,1.6,1.3
98,คลองบางปะแก้ว,ถ.สุขสวัสดิ์,30.8,30.5,30.8,30,7.5,7.4,7.4,7.4,3,3.1,3.2,3.7,0,0,0,0,5.9,6.7,7.7,7.2,83,77.3,57.3,59.3,12.6,15.7,10.8,22.5,2.4,2.6,2.5,2,1.1,0.8,0.8,1,0.5,0.3,0.1,0,0.5,0.7,0.2,0.5,1.2,1.5,2,1.5
99,คลองบางผักหนาม,ซ.จรัญสนิทวงศ์ 41,30.5,30.7,30.6,30.1,7.5,7.4,7.4,7.4,1.7,1.8,2.1,1.8,0,0,0,0,9.1,8.4,7.6,12.3,68.6,74.9,64.3,58.5,18.9,14.9,13.1,21.3,3.5,3.2,2.4,2.5,0.9,0.9,0.9,1,0.8,0.4,0.1,0.1,0.4,0.6,0.4,0.3,1.3,1.3,1.7,1.6
100,คลองบางไผ่,ถ.เลียบคลองทวีวัฒนาสุดเขต สน.ค้างพลู,29.6,29.2,30.1,28.9,7.1,7,7.4,7.2,2.1,2,2.2,1.7,0,0,0,0.1,4.5,5,2.5,4.8,31.5,34.9,46,42.3,15.2,15.8,9.9,10.8,3.2,3.6,4.1,4,0.6,0.5,0.9,1.3,0.1,0.2,0.2,0.2,1.9,1.9,1.7,1.5,0.3,0.2,0.2,0.4
101,คลองบางไผ่,ถ.พุทธมณฑลสาย 2 สะพานข้ามคลองบางไผ่,29.6,29.2,30.1,28.9,7.1,7,7.3,7.2,2.1,1.8,1.7,1.9,0,0,0.2,0.1,4.5,4.5,4.8,4.7,31.6,32.7,51.1,42.4,12.2,13.9,9.9,9.8,2.5,2.9,3.8,4.1,0.4,0.3,1.1,1.4,0.1,0.2,0.3,0.2,1.9,1.9,1.6,1.5,0.2,0.2,0.3,0.3
102,คลองบางพลัด,ถ.จรัญสนิทวงศ์,30.4,30.8,30.8,30.3,7.5,7.5,7.5,7.4,3.2,3.3,3.1,1.5,0,0,0,0,7.3,6.8,6.9,10.9,61.8,63.5,61,54.6,14.3,12.2,15.5,21.3,2.9,2.7,2.4,2.5,0.8,0.6,1,0.7,0.8,0.5,0.1,0.1,0.3,0.5,0.5,0.4,1.4,1.4,1.7,1.4
103,คลองบางพลู,วัดภาณุรังสี,30.5,30.9,30.5,30.3,7.4,7.5,7.5,7.5,2.8,2.5,3.3,2.1,0,0,0,0,8.1,9.6,7.4,10.1,61.8,65.1,61.6,56.2,14.2,18.5,15.1,19.6,2.7,2.9,2.8,2.4,1,0.7,1,1,1.1,0.4,0.2,0.1,0.3,0.7,0.3,0.3,1.9,1.9,1.9,1.5
104,คลองบางโพ,สน.บางโพ,29.3,29.2,29.1,29.1,7,6.9,7.4,7.2,0.9,0.8,2,2.2,0.1,0.1,0.4,1.1,10.3,8.9,7.6,9.1,32.1,39.2,62,42.9,18.5,17.5,17.1,22,7.5,5.5,6,6,3.1,2.9,2.9,2.7,0.1,0.2,0.3,0.3,1.7,2,2.4,2.6,0.5,0.6,0.6,0.5
105,คลองบางโพ,ถ.ประชาราษฎร์สาย 1,29.3,29.2,29.1,29.1,7,6.9,7.4,7.2,0.6,0.9,2,1.8,0.1,0.1,0.2,0.7,10.3,12.3,7.8,9.1,31.3,47.5,90.6,46.8,27.1,19.8,16.1,23.9,7.1,6.2,5.5,5.7,3.6,3.3,2.7,3,0.1,0.2,0.5,0.3,1.7,1.8,2.3,2.4,0.5,0.6,0.6,0.6
106,คลองบางยี่ขัน,วัดพระศิริไอยสวรรค์,30.7,30.7,30.4,30.2,7.5,7.5,7.4,7.4,2.9,2.2,3.2,1.6,0,0,0,0,7.2,8.3,6.8,10.5,63.5,63.2,53.8,52,18.1,14.5,15.8,22.7,2.7,3,2.7,2.7,0.4,0.8,1.1,1.1,0.5,0.3,0.1,0.1,0.5,0.6,0.5,0.4,1.2,1.7,1.7,1.3
107,คลองบางยี่ขัน,ถ.จรัญสนิทวงศ์,30.8,30.6,30.5,30.3,7.5,7.5,7.5,7.4,3.2,2.3,3.2,1.5,0,0,0,0,8.6,9.8,6.1,10.9,60.4,63.6,62.8,60.9,15.9,16.9,11.9,21.2,3.2,2.5,2.1,2.6,1.2,0.8,1,0.8,0.5,0.5,0,0.1,0.5,0.4,0.2,0.3,1.6,1.3,1.7,1.7
108,คลองบางยี่ขัน,ซ.บรมราชชนนี 2,30.5,30.9,30.4,30.3,7.5,7.5,7.4,7.4,2.4,2,1.9,1.3,0,0,0,0,8.1,8.6,8.1,11.7,64.2,61.8,59.5,55.2,15.9,18.3,15.5,24.3,2.5,2.4,2.5,2.3,0.8,0.8,1,0.8,0.8,0.4,0.1,0.1,0.4,0.5,0.3,0.2,1.5,1.9,1.5,1.7
109,คลองบางรัก,ถ.จรัญสนิทวงศ์,30.6,31.2,30.1,30.3,7.5,7.5,7.4,7.4,3.1,2.4,3.1,1.9,0,0,0,0,7.6,7.6,7.6,9.3,74.9,54.7,49.6,49.3,17.3,14,12.6,23.4,3.5,2.8,3,2.4,0.9,1.1,1,1.1,0.7,0.6,0.1,0.1,0.2,0.7,0.2,0.5,2.2,1.7,1.7,1.7
110,คลองบางละมุด,ตรงข้ามโรงเรียนเทคโนโลยีพระรามหก,30.6,30.6,30.8,30.3,7.5,7.5,7.5,7.4,2.4,3.2,2.9,1.3,0,0,0,0,8.1,6.7,7.4,12.8,60.7,53.5,63.8,63,15.5,13,14.3,23.9,2.2,2.4,2.6,2.7,0.8,0.8,1.1,1,0.9,0.5,0.2,0.2,0.7,0.5,0.3,0.4,1.5,1.4,1.7,1.6
111,คลองบางลำภูล่าง,วัดเศวตฉัตร (เขตคลองสาน),29,28.9,30.1,30.6,7.1,7.1,7.4,7.5,2.4,3.6,2.5,1.7,0,0,0,0,3.8,3.2,6.6,11.1,29.7,41.3,66.8,61.2,37.4,29.3,14,24.8,2.2,2.6,2.7,2.3,0.8,0,0.9,1.1,0.2,0.1,0.1,0,2.1,1.9,0.4,0.3,0.5,0.3,1.7,1.5
112,คลองบางสะแก,ถ.เทอดไทย (สะพานเทศบาล 11),30.3,31,30.3,30.3,7.5,7.4,7.4,7.5,2.4,2.8,3.4,1.8,0,0,0,0,7.5,7.7,7.5,10.2,56.2,58,60.1,50.5,19.8,13,16.1,21.8,2.6,2.9,2.5,2.3,0.7,0.8,0.8,1.4,0.8,0.2,0.1,0,0.4,0.7,0.6,0.6,1.8,1.7,1.8,1.4
113,คลองบางสะแก,ถ.เทอดไทย ซ.33 (วัดบางสะแกใน),30.5,30.9,30.3,30.3,7.4,7.5,7.5,7.4,3.1,2.7,2.5,1.7,0,0,0,0,7.5,7.7,7.8,11.3,65.3,72.9,62.5,47,9.1,12.9,14.4,20.9,2.7,2.5,2.5,2.3,0.7,0.8,1,1.2,0.6,0.5,0,0,0.5,0.5,0.3,0.3,1.1,1.3,1.6,1.3
114,คลองบางไส้ไก่,ถ.เจริญนคร,30.4,30.8,30.5,30.5,7.5,7.5,7.4,7.4,1.7,2.2,1.7,1.2,0,0,0,0,8.9,9.2,10.5,12.9,59,73.8,45.5,57.2,15,14.6,19.1,28.3,2.4,2.5,2.4,2.2,1.3,0.9,0.9,1.2,0.7,0.3,0.1,0.1,0.8,0.4,0.7,0.4,1.9,1.7,1.7,1.7
115,คลองบางไส้ไก่,ถ.ตากสิน,30.3,30.5,30.4,30.5,7.5,7.5,7.5,7.4,2.2,2.6,1.7,1.1,0,0,0,0,9.4,9,10,13.1,76.3,74,53.9,57,18.3,16.6,14.8,24.9,2.5,2.8,2.7,2.5,1.4,1.2,1,0.8,0.7,0.5,0.1,0.1,0.8,0.7,0.4,0.2,1.3,1.5,1.6,1.3
116,คลองบางอ้อ,ถ.รถไฟสายเก่า คลังน้ำมันบางจาก,28.9,29.2,29.3,29.6,7.1,6.9,7.4,7.2,0.2,0,0.8,1.6,0.4,0.1,0.4,1,17.3,20.1,13.8,13.1,57.9,60.1,87.4,58.3,20.8,17.2,18.6,23.3,8.5,8.8,10.1,10.4,4.7,6.2,7.3,7.7,0,0.2,0.2,0.2,2.4,2,1.9,1.8,0.7,1,1,0.9
117,คลองบ้านม้า,ถ.ศรีนครินทร์,29.1,29,29.1,29.8,7.1,7,7.6,7.4,1.4,2,2.9,2.6,0.3,0.1,0,0.1,10.6,11.2,7.8,11.3,49.9,59.4,103.3,64.3,17.2,24.6,26.6,32.9,6.5,5.9,7.5,12.8,3.4,3.2,5.4,8,0.1,0.3,0.5,0.3,2.5,2.3,2.7,2.4,0.6,0.6,1,0.9
118,คลองบ้านม้า,ถ.รามคำแหง สามแยกบ้านม้า,28.2,28.7,30,29.8,7,7.1,7.4,7.2,0.5,2.6,2.1,0.9,0.2,0,0,0.1,9,8.8,6.3,12.1,53.9,55.2,119.9,64,21.2,29.8,27.4,27.3,7.7,5.4,10.6,13.6,3.9,3.3,6.3,9.2,0,0.4,0.2,0.1,2.3,2.2,2.1,2.1,0.6,0.7,1.1,0.7
119,คลองบ้านม้า,ถ.รามคำแหง (สุขาภิบาล 3) ,28.2,28.7,30,29.8,7,7.2,7.5,7.2,0.9,2.7,2.2,1.4,0,0,0.3,0.2,8.8,10.3,9,10.3,65.7,52.5,107.5,58.3,18.7,24.1,18.1,19.7,6.6,4.9,9.7,11,3.5,3,7.2,8.1,0.1,0.4,0.2,0.2,2.4,2.3,2.3,2.1,0.6,0.7,1.1,0.7
120,คลองบ้านหลาย,ถ.สุขุมวิท 101/1 ชุมชนหมู่บ้านศรัณจิต,28.9,29.2,29.3,29.6,7.1,6.9,7.3,7.3,0,0,0.2,0.3,0.8,0.1,0.5,2.5,24.9,24.8,18.1,20.2,74.8,83,81.3,66.5,17.2,22.6,18.1,14.3,12.4,11.3,11.7,12.1,8.9,7,9.4,9.2,0,0.1,0.2,0.1,2.8,1.8,1.7,2,0.9,1.1,1.2,1
121,คลองบ้านหลาย,ซ.พึ่งมี 50 พึ่งมีแมนชั่น,28.9,29.2,29.3,29.6,7.1,6.9,7.3,7.2,0,0,0.2,0.2,0.4,0.2,1.6,1.6,23.8,25,17.9,23.3,97.7,98.5,91.4,57.2,16.5,28.8,18.8,15.8,10.5,10.7,10.6,14.4,6.2,7.4,8.2,10.8,0,0.1,0.2,0.1,2.6,1.9,1.7,2.3,0.9,1.1,1.2,1.2
122,คลองบึง,หน้าสำนักงานเขตสวนหลวง,28.8,29.2,29.6,29.5,7,6.9,7.3,7.3,1.6,0.8,0.3,1.9,0.2,0.1,0.1,0.3,9.9,16.3,12.5,9.8,42.8,61,119.3,60.7,11.1,15.3,10.4,20.8,5.7,6.8,9,9.1,2.8,4.2,5.6,6.6,0,0.1,0.2,0.1,2.2,2,2.3,1.7,0.6,0.8,0.9,0.8
123,คลองบึงขวาง,ถ.ร่มเกล้า ชุมชนพัฒนาบึงบัว,29.4,29.4,29.6,28.9,7,6.9,7.3,7.4,2,3.1,1.7,2,0,0,0.2,0,5.8,7.9,13.3,7.5,44.8,47.3,74.3,51.8,21.3,28.5,18.3,23.9,3.4,3.7,6.4,9.1,1.4,1.3,4,6.4,0,0.2,0.5,0.2,2.2,1.9,2.3,2.5,0.2,0.3,0.8,0.7
124,คลองบึงแตงโม,ถ.มิตรไมตรี หมู่บ้าน เค.ซี.การ์เด้น,30.8,29.3,29.1,29.3,6.9,6.9,7.2,7,1.9,2.3,2.9,2,0,0,0,0.1,3.9,2.9,2.9,5,33.8,46.5,79.4,59.3,25.1,45.5,17.5,43.5,2.9,3.3,4.9,3.7,0.4,0.1,1.2,1,0.2,0.2,0.1,0.2,2.3,2.4,2.1,2.4,0.3,0.1,0.2,0.2
125,คลองบึงบัว,ติด ถ.เจ้าคุณทหาร,29.4,29.1,29.1,29.7,6.9,6.9,7.4,7.1,1.5,2.3,2.3,1.1,0.1,0,0,0.1,4.7,5,4.5,5.7,38,55.4,83,50.4,16,27.3,14.8,18.9,4.5,4.2,6.6,7.3,1.3,0.9,3.4,4.3,0.1,0.2,0.5,0.1,2.6,2.4,3.5,2.9,0.4,0.4,0.8,0.8
126,คลองบุปผา,สน.บุปผาราม,30.7,30.8,30.3,30.5,7.5,7.5,7.5,7.5,3,2.7,2.8,2.1,0,0,0,0,7.4,6.2,6.3,11.7,75.5,72.2,61.5,64.7,15.5,10.1,14.9,22.8,1.6,2.1,2.4,2.4,1,0.7,0.8,0.9,0.8,0.4,0.1,0.1,0.5,0.7,0.3,0.5,1.2,1.3,1.6,1.6
127,คลองประปา,ในเขื่อนตลาดบางซื่อตัดกับคลองเปรม,29.1,29.5,28.8,29.1,7.3,7.2,7.7,7.3,4.2,5,5.4,4.8,0,0,0,0,2.8,2.6,2.7,2.9,27.3,39.9,31.8,22.5,37.6,37.1,25.8,30.5,2.5,2.9,3.5,2.2,0.1,0,0.2,0.1,0,0,0.1,0,1.9,1.5,1.3,2,0.1,0.2,0.1,0.2
128,คลองประปา,นอกเขื่อนตัดกับ ถ.แจ้งวัฒนะ,29.3,29.2,29.1,29.1,7.4,7.1,7.6,7.3,4.6,5,4.8,5.3,0,0,0,0,3.3,2,2.7,2.1,33,25.4,30.8,28.8,25.7,37.8,26.1,30.8,3.8,2.6,4.1,3,0.1,0,0.2,0.2,0,0,0,0,1.7,1.8,1.7,1.8,0.2,0.1,0.2,0.2
129,คลองประเวศบุรีรมย์,หน้าวัดลานบุญ,30.1,29.4,29.4,29.9,7.1,6.9,7.3,7.2,1.9,2.1,1.7,1.6,0,0,0,0,6.2,5.3,5.4,7.8,47,50.6,110.9,61.8,17.3,23.9,17.5,19.3,4.9,4.4,7.8,8.3,2.8,1.7,4.7,5.2,0.1,0.3,0.3,0.2,2.3,2.1,1.9,2.6,0.4,0.4,0.9,0.8
130,คลองประเวศบุรีรมย์,สำนักงานเขตลาดกระบัง,30.1,29.4,29.4,29.9,7.1,7,7.3,7.3,3,4,2,3.7,0,0,0.1,0,5.2,5.1,5.9,6.8,36.6,46.1,111.5,67.7,15.7,23.3,17,24.8,5.2,4.3,8.6,6.4,1.8,1.3,5.3,3.5,0.2,0.5,0.4,0.2,2.2,2.1,2.2,2.5,0.4,0.3,0.9,0.7
131,คลองประเวศบุรีรมย์,ถ.พัฒนาการ,30.1,29.4,29.4,29.9,7.2,7.1,7.4,7.3,1.8,2.6,2,3,0,0.1,0,0,8.3,10.7,5.3,8.4,55.3,62.5,122.9,82,15.1,23,16,18.7,5.8,7,8.3,10.3,3.2,4.1,4.8,6.8,0.1,0.2,0.4,0.1,2.3,2.1,2.1,2.4,0.5,0.7,1,0.8
132,คลองปลัดเปรียง,ถ.เฉลิมพระเกียรติ ร.9 มัสยิดซะห์ร่อตุ้ลอิสลาม,30.3,28.8,29.1,29.8,7.1,7,7.4,7.1,0.9,0.4,0.3,0.2,0.3,0.1,0.9,2.1,10.1,9.8,9.3,11.5,59.5,60.5,60.3,57.6,9.8,11.9,13.9,12.1,5.9,7.1,8.8,11.1,3.7,3.7,5.4,7.7,0.2,0.2,0.3,0.2,3.1,2.5,2.9,3.1,0.6,0.9,1.1,1
133,คลองปลัดเปรียง,ทางลัดเข้า ซ.ร่มเย็น,30.3,28.8,29.1,29.8,7.1,7.1,7.4,7.1,1.7,0.6,0.3,0,0.7,0.1,0.6,3.1,9.6,9.6,7.9,12.3,62.1,57.5,63.6,51.8,11.8,14.1,17.5,14.3,6.4,7.2,8,10.4,3.7,3.2,4.7,7.8,0.3,0.3,0.3,0.1,3.1,2.6,3,3.1,0.6,0.9,1.1,0.9
134,คลองเปรมประชากร,สี่แยกสะพานแดง,29.3,29.2,28.9,30.3,7.1,6.9,7.4,7.1,1.8,1.8,1.8,1.6,0,0,0,0,9.2,8.3,10.1,7.2,42.1,34.6,80.4,41.5,18,17,10.1,16.4,6.7,6.1,8.4,7.6,3.6,3.1,6.2,5.4,0.2,0.4,0.1,0.3,2.7,1.9,3.6,1.8,0.6,0.6,1,0.7
135,คลองเปรมประชากร,ตลาดบางซื่อ,29.3,29.2,28.9,30.3,7,6.8,7.4,7.2,1.1,1,0.8,0.8,0,0,0,0.2,8.1,9.3,10.4,9.1,48.4,66.5,111.1,55.8,27.2,31.1,20.8,30.3,6.2,5.8,9,8.7,3.2,3.3,6.1,6,0.3,0.5,0.2,0.2,2.4,1.9,3,2.1,0.6,0.6,1,0.8
136,คลองเปรมประชากร,ทัณฑสถานวัยหนุ่ม (ถ.งามวงศ์วาน),29.2,29.2,28.9,30.3,7,6.9,7.4,7.2,1.2,1.2,1.3,0.7,0,0.1,0,0.2,6.7,7.9,7.1,9.6,44.2,44.6,116.6,73.3,30.5,46.2,24.5,50.8,5.8,5.5,6,8.5,2.7,2.8,4.4,6,0.2,0.4,0.2,0.2,1.9,1.8,2.8,1.8,0.6,0.5,0.7,0.8
137,คลองเปรมประชากร,เทศบาลสงเคราะห์ (วัดเสมียนนารี),29.2,29.2,28.9,30.3,7,6.8,7.4,7.2,1.1,0.8,1.4,0.4,0.1,0,0.1,0.3,7.3,8.8,9.5,10.2,55.8,56.3,87.4,58.7,42,73.5,18.8,48.8,4.8,6.4,8.8,9.1,2.9,3.4,6.1,6.9,0.1,0.4,0.1,0.1,1.9,1.7,2.9,1.7,0.6,0.5,0.8,0.8
138,คลองเปรมประชากร,ถ.เศรษฐศิริ (สะพานเกษะโกมล),29.3,29.2,28.9,30.3,7.1,6.9,7.6,7.2,1,1,1.5,1.4,0.1,0,0,0.1,10.1,8.5,9.6,8.3,65.6,43,83,47.8,15.5,22.6,19.8,19.8,6.9,5.8,9.3,8,4.6,3.2,5.5,5.2,0.2,0.4,0.1,0.3,2.2,1.7,2.8,1.8,0.6,0.6,1,0.8
139,คลองเปรมประชากร,ถ.ศรีอยุธยา (วัดเบญจมบพิตร),29.3,29.2,28.9,30.3,7.1,7,7.6,7.2,1.9,2.7,3.2,2.4,0,0,0,0,5.6,5.2,6.1,5,50.4,28.2,87.9,43.4,14.8,22.6,35.3,21,6.1,4.4,5.8,5,2.8,2,2.3,2.5,0.1,0.5,0.1,0.5,1.7,1.7,3,2.2,0.5,0.4,0.6,0.5
140,คลองเปรมประชากร,ถ.แจ้งวัฒนะ,29.2,29.2,28.9,30.3,7,6.9,7.4,7.2,0.5,0.1,0.4,0.2,0.3,0.4,0.5,1.4,10.3,13.7,14,11.4,49.5,55.5,90,52.7,17.8,16.8,12.5,17.7,6.8,8.8,10.4,9.6,3.7,5.3,7.6,7.6,0.1,0.3,0.2,0.1,2.3,2,3.4,1.9,0.7,0.8,1,0.9
141,คลองเปรมประชากร,ถ.เตชะตุงคะ ใกล้ สน.ดอนเมือง,29.2,29.2,28.9,30.3,7,6.9,7.4,7.2,0.6,0.8,0.3,0.1,1.1,0.3,0.4,1,12.9,10.1,13.5,13.3,63.5,51.5,55.8,49,16.6,17.2,13.8,16.3,6.8,8.5,9,10.6,4.5,5,6,8.3,0.1,0.5,0.2,0.1,2.3,2.2,3.5,1.9,0.7,0.7,0.9,0.9
142,คลองผดุงกรุงเกษม,สถานีสูบน้ำกรุงเกษม,29.6,29.1,29,29.2,7,6.8,7.4,7.2,1.1,0.4,2.3,1.7,0,0.1,0,0.3,10.8,16.5,5.5,9.7,41.9,67.5,71.8,57.2,15,31.6,10.6,22.5,5.8,5.5,5.4,6.4,3.4,3.5,3,4.2,0.2,0.2,0.3,0.5,1.7,1.8,1.8,2.7,0.6,0.7,0.7,0.7
143,คลองผดุงกรุงเกษม,สถานีรถไฟกรุงเทพ,29.6,29.1,29,29.2,7,6.9,7.4,7.3,0.8,0.4,1.2,0.8,0,0.1,0,0.2,11.8,14.7,7.3,11.4,36,44.5,61.9,59.7,15.5,18.9,10.9,23.4,5.4,5.5,5.9,7.5,3.2,3.3,3.5,4.6,0.1,0.2,0.3,0.3,1.6,1.6,1.9,1.7,0.5,0.7,0.7,0.7
144,คลองผดุงกรุงเกษม,หน้ากรมวิเทศสหการ,29.6,29.1,29,29.2,7,6.9,7.5,7.3,1.7,1.1,3.7,2.2,0,0,0,0.1,6.7,9.5,4.5,8.3,50.4,34.9,106.9,59.3,17,17.8,18.1,20.3,4.3,4.1,4,4.9,2.5,2,2,2.1,0.2,0.2,0.4,0.5,1.7,1.7,2.3,2.6,0.4,0.4,0.4,0.5
145,คลองผดุงกรุงเกษม,ตลาดเทวราช,29.6,29.1,29,29.2,7,6.8,7.4,7.3,1.9,0.9,2.4,2.4,0,0,0,0,8,10.2,7.7,7.6,40.8,57.4,140.1,53.7,16.3,24.5,21.4,20.6,3.7,3.7,5.7,3.5,1.8,1.2,2.1,1.4,0.2,0.2,0.5,0.4,1.8,1.8,2.3,2.8,0.3,0.3,0.4,0.4
146,คลองผดุงกรุงเกษม,ปตร.เทเวศร์,29.6,29.1,29,29.2,7,7,7.4,7.3,1.9,2.9,2.9,3,0,0,0,0,8.8,3.5,4.1,5.6,35.5,30.2,101.5,50.2,14.9,29.4,23.6,22.6,3.9,2.6,3.6,3.2,2.2,0.2,0.8,0.6,0.2,0.2,0.4,0.3,1.8,1.9,2.5,3.1,0.4,0.4,0.3,0.3
147,คลองไผ่สิงโต,ตลาดคลองเตย,28.8,29.1,29.4,29.6,7,6.9,7.2,7.1,0.2,0,0,0.1,0.4,0.3,1.5,0.6,22.1,43.7,32.8,27.3,79.9,145.5,140.1,89.8,16.7,23.1,23.4,17.1,8.7,13.9,14.9,13.2,5.5,10.1,13.3,10.6,0.1,0.1,0.2,0.2,2.9,2.3,2.2,2.4,0.8,1.4,1.3,1.2
148,คลองไผ่สิงโต,ข้างโรงงานยาสูบ,28.8,29.1,29.4,29.6,7,6.9,7.2,7.2,0.1,0,0,0.3,0.3,0.1,1.1,0.3,22,29.2,28.6,23.3,71.6,127.3,157.4,82.9,18.5,34.7,19.5,17.3,12.2,11.5,13.7,13.1,8.3,7.7,10.7,10.1,0.1,0.1,0.2,0.2,2.8,2.4,2.2,2.5,0.8,1.3,1.3,1.2
149,คลองไผ่เหลือง,ถ.สุวินทวงศ์ ม.รุ่งสินก่อสร้าง,29.3,29.1,29.1,29.3,6.9,7,7.3,6.2,1.3,2.6,2.9,0,0,0,0.1,11.6,4.3,5.1,5.8,103.3,41,47,138.4,284.7,15.2,38,29.5,16,3.1,2.7,4.4,4.1,1,0.4,1.5,0.8,0.1,0.2,0.1,0,2.3,2.5,2.2,2.2,0.3,0.2,0.4,0.3
150,คลองพญาเวิก,ถ.ลาดพร้าว (ซ.ลาดพร้าว 5/1) ,30.9,29.2,29.4,29.2,7.1,7,7.5,7.3,0,0.3,0.9,1,1,0.2,0.2,0.6,24.3,24.4,24.6,18.3,74.1,101.7,105.3,71.9,23.8,42.5,18.1,21,14.7,13.2,15.8,16.5,11.2,10.2,13.6,12,0,0.2,0.1,0.1,2.4,2.1,2.1,2.2,0.9,1.4,1.3,1.2
151,คลองพระโขนง,ปตร.พระโขนง,30.1,29.4,29.4,30,7.1,7.1,7.3,7.3,1.2,3.5,0.4,1.2,0,0.1,0.2,0.3,9.3,9.8,13.6,11.7,51.5,69.2,108.9,76.9,24.8,26.5,15.3,25.3,6.9,7.6,8.8,11.3,3.6,4.4,7.2,6.9,0.1,0.2,0.3,0.1,2.1,2.2,1.7,2.4,0.6,0.8,1.1,1
152,คลองพระโขนง,สะพานพระโขนง (ถ.สุขุมวิท),30.1,29.4,29.4,30,7.1,7.1,7.4,7.3,1,2.5,0.5,0.3,0,0.1,0.1,1.1,8.6,9.1,11.3,11.4,48.4,59.8,146,73.8,19.4,25.7,17,21.6,6.9,6.8,9.6,11,3.5,4.3,7.7,8,0.1,0.2,0.3,0.1,2.1,2.1,1.6,2.5,0.6,0.8,1.1,1
153,คลองพระครู,ถ.จรัญสนิทวงศ์,30.5,30.8,30.8,30.3,7.5,7.5,7.4,7.4,3.3,3.2,2.7,1.7,0,0,0,0,6,6.2,7.1,10,61.8,81.5,63.5,56.2,21,19.3,15.4,22.1,2.4,2.7,2.6,2.5,0.5,0.8,0.8,0.9,0.7,0.7,0,0.2,0.5,0.4,0.2,0.2,2.2,1.8,1.9,1.7
154,คลองพังพวย,ถ.สุขาภิบาล 1,29.4,29,29.4,29.3,7.1,7.1,7.5,7.5,0.5,0,0.9,1.1,0.7,0.4,0.3,1.5,17.9,20.3,21.3,22.4,71.8,88.8,217.9,82.8,33.3,23.5,30.9,32,8.2,10.6,13.2,15.7,5,7.7,9.7,11.3,0,0.1,0.4,0.1,2.5,2,2.9,2.6,0.7,1.2,1.3,1.1
155,คลองพังพวย,หลังแฟลตคลองจั่น ซ.57,29.4,29,29.4,29.3,7.3,7.2,7.6,7.9,3.7,2.6,3.3,5.9,0.2,0,0.1,0.2,13.6,13.8,18.5,26.3,71.3,70.9,121.9,79.3,28.3,24.4,15.8,31.6,5.4,8.2,15,16.6,2.5,5.4,11.1,11.1,0.2,0.4,0.3,0.2,3.4,2.6,2.6,2.5,0.8,1.1,1.3,1.2
156,คลองภาษีเจริญ,โรงเรียนวัดรางบัว (ถ.เพชรเกษม 33),30.6,30.9,30.5,30.4,7.5,7.5,7.4,7.5,3.6,2.9,3,2.9,0,0,0,0,9,7.4,7.1,7.8,59.1,69.5,67.3,54.7,12.6,11.8,14.4,12.6,1.4,2.1,2.6,2.4,0.6,1,0.8,0.9,0.7,0.4,0.2,0.2,0.4,0.6,0.4,0.3,1.4,1.5,1.6,1.5
157,คลองภาษีเจริญ,ถ.มาเจริญ (ถ.เพชรเกษม 81),30.5,30.8,30.6,30.4,7.5,7.5,7.4,7.5,3.9,2.9,3.3,2.9,0,0,0,0,8.2,7.4,6.8,7.6,56.7,58.9,52.3,48,13.7,12.1,13.6,12.1,1.8,1.8,2.8,2.6,0.9,0.8,1,1,0.7,0.4,0.2,0.2,0.5,0.5,0.5,0.4,1.4,1.3,2,2.1
158,คลองมหานาค,สะพานดำรัส,29.6,29.1,29,29.2,6.9,6.9,7.4,7.2,1.5,1.2,1.9,0.6,0,0,0,0.2,9.8,10.5,5.5,12.3,88.8,62.2,226.1,66.5,45.5,32.7,28.9,24.6,4.8,5.2,5,6.9,2.9,2.5,2.6,4.3,0.2,0.2,0.3,0.3,1.7,1.8,1.9,2,0.4,0.5,0.5,0.7
159,คลองมหานาค,สะพานเจริญราษฎร์,29.6,29.1,29,29.2,7,6.9,7.4,7.2,1.1,1,2.1,1.3,0,0,0,0,14.7,10.9,5.5,10.1,105.7,59.1,128.1,84.7,53.9,36.1,28.1,35.3,5.2,5.2,4.6,6,3.7,2.7,2.8,3.9,0.2,0.3,0.4,0.3,1.7,1.7,2.1,1.6,0.7,0.5,0.5,0.6
160,คลองมหานาค,เจริญผล,29.6,29.1,29,29.2,7,6.9,7.4,7.3,1.1,0.6,2.1,1.8,0,0,0,0,14.2,18.5,6.9,11.5,67.1,82.6,87.5,78.4,40,47.5,25.3,44.2,5.8,7.1,4.7,4.7,3.5,3.9,2.6,3,0.3,0.2,0.4,0.4,1.9,1.7,2.4,2.1,0.7,0.7,0.6,0.7
161,คลองมหาศร,เลียบคลองภาษีเจริญฝั่งเหนือ ซ.5,29.6,29.2,30.1,28.9,7.1,6.9,7.4,7.2,3.1,2.5,2.4,2.2,0,0.1,0,0.1,4.4,5.7,2.5,6.2,24.3,43.9,40.5,37.3,13.4,18.3,8.6,11.7,3.8,3.6,8.7,8,1.5,1.8,6.2,5.1,0.2,0.4,0.5,0.4,3.8,3,2.2,1.8,0.4,0.3,0.5,0.6
162,คลองมหาศร,ถ.เพชรเกษม 112 โรงเรียนเทคโนโลยีหมู่บ้านครู,29.6,29.2,30.1,28.9,7.1,7,7.4,7.2,3.6,3.4,2.6,3.1,0.1,0,0,0,4,3.6,4.8,5.4,28.1,36.8,40,47,8.7,9.9,7.8,11.9,4,3.3,8.1,7.2,0.9,1.2,6,5,0.2,0.5,0.4,0.4,4.1,3.4,2.1,2.1,0.4,0.3,0.5,0.4
163,คลองมหาศร,ถ.เพชรเกษม 112 สะพาน 3 แยกไปทวีวัฒนา,29.6,29.2,30.1,28.9,7.1,6.9,7.4,7.2,3.1,3.1,2.4,3.3,0,0,0,0,4.3,4.8,3,5.7,31.7,44.4,92.6,34.2,12.4,25.2,17.4,10.6,3.5,3.4,7.9,7.4,1.3,1.3,6.3,4.9,0.3,0.5,0.3,0.4,3.8,3.5,1.9,1.9,0.4,0.4,0.7,0.4
164,คลองมหาสวัสดิ์,หน้าวัดชัยพฤกษ์,30.5,31,30.4,29.9,7.5,7.5,7.5,7.4,3.3,2.7,2.9,3.2,0,0,0,0,6.3,5.6,8.4,7.3,60.7,66.8,51.5,57.2,18,12.9,12.5,12.4,2.7,2.5,2.2,2.3,0.6,0.8,1,0.9,0.4,0.4,0,0,0.5,0.4,0.2,0.2,2.1,1.8,1.9,1.5
165,คลองมอญ,ถ.อรุณอัมรินทร์,30.5,30.7,30.8,30.4,7.5,7.5,7.5,7.4,3.8,3.4,2.9,2.3,0,0,0,0,7.1,6.5,7.3,7.7,58.5,61.4,53,58.5,17.7,13.3,14.4,19.5,3.1,3.2,2.7,2.2,1,1.1,0.9,1.1,0.6,0.3,0.1,0,0.3,0.3,0.6,0.2,1.6,1.5,1.9,1.5
166,คลองมอญ,ถ.จรัญสนิทวงศ์,30.7,30.6,30.6,30.3,7.5,7.5,7.5,7.5,3.1,3,2.8,2.4,0,0,0,0,5.3,6.7,7.1,7.8,56.3,66.1,51.1,54,19.5,15.2,14.8,20.4,3.1,3,2.5,2.4,1.1,1.2,0.9,0.8,0.6,0.4,0.2,0.1,0.4,0.7,0.9,0.4,1,1.6,1.8,1.3
167,คลองมะขามเทศ,ถ.เฉลิมพระเกียรติ ร.9 ซ.51,30.3,28.8,29.1,29.8,7.1,7,7.4,7.1,1.5,1.3,1.7,1.9,0.1,0,0.2,0.7,8.4,7.5,8,10.8,54.8,51.5,66.5,41.6,9,14.8,13.1,11.9,4.8,5.2,5.3,6.4,2.9,2.6,3.4,4.2,0.3,0.3,0.4,0.2,2.9,2.6,2.7,2.5,0.5,0.7,0.8,0.7
168,คลองมะนาว,ถ.รัชดาภิเษก ถ.พระรามที่ 4,27.8,28.9,29.8,29.5,7.2,7,7.4,7.3,0.4,0.2,0.2,0.3,0.5,0.1,0.8,1.6,34.2,41.5,26.1,33.2,127.9,140.4,120.5,131.3,24,46.8,24,25.1,13.1,13.1,13,16.8,9,7.9,11.4,13.9,0.1,0.3,0.2,0.1,2.6,2.1,2,2.3,0.9,1.1,1.3,1.3
169,คลองรหัส,ถ.เสรีไทย 57,30.7,29.3,29.6,29,7.3,7.4,7.6,7.4,3.3,3.9,2.1,1.7,0,0,0,0,9,15.8,11.8,12.7,45.9,85.8,167.6,61.6,32.5,34,21.9,22.6,8.8,7.8,14.8,13.2,5.2,6.1,9.6,9.8,0.3,0.1,0.2,0.2,2.3,2.6,2.7,2.2,0.6,1,1.3,1.1
170,คลองรอบกรุง,สะพานผ่านฟ้า,29.2,28.5,29.1,29.3,6.9,6.8,7.4,7.2,0.6,0.7,1,0.5,0,0,0.1,0.4,8.8,7.8,7.9,10.3,38.1,52.9,71.1,55.3,29.3,25.9,14.5,23.4,5.2,4.5,5.8,6.7,2.5,2,2.8,3.8,0.2,0.2,0.4,0.2,1.5,1.7,2.8,1.6,0.5,0.5,0.6,0.7
171,คลองรอบกรุง,หลังตลาดนานา,29.2,28.5,29.1,29.3,7,7,7.4,7.3,2.5,2.7,2.7,2.5,0,0,0,0.1,7.8,7.7,6.9,10.5,39.8,34.4,73.9,42.5,20.8,31.4,12.8,27,4.4,3.9,5.7,5.8,2.5,1.3,2.2,2.4,0.1,0.2,0.6,0.4,1.7,2,2.9,2.2,0.4,0.5,0.6,0.6
172,คลองรอบกรุง,ปตร.บางลำภู,29.2,28.5,29.1,29.3,7.1,6.9,7.4,7.3,2.4,2.9,2,3.4,0,0,0,0,4.3,6.5,9.6,8.3,29.1,39.5,96.1,58.2,19.1,35.3,14.4,22.4,3.1,3.7,5.9,3.5,1.2,1.6,2.8,1.4,0.2,0.1,0.4,0.4,2,2,2.4,2.6,0.3,0.4,0.7,0.4
173,คลองรอบกรุง,ปตร.โอ่งอ่าง,29.2,28.5,29.1,29.3,7,7,7.3,7.3,2.4,2.6,1.6,3.4,0,0,0,0,3.7,3.4,8.6,6.1,30.5,28.6,73.8,68.6,30.8,24.5,15.5,43.3,3.4,2.4,6.9,3.1,1.1,0,3.3,0.5,0.1,0.1,0.2,0.3,2.4,1.7,2.4,3,0.3,0.2,0.6,0.4
174,คลองรอบกรุง,สะพานดำรงสถิต (ถ.เจริญกรุง),29.2,28.5,29.1,29.3,6.9,6.8,7.3,7.2,1,0.6,0.2,0.2,0,0.1,0.1,0.2,10.8,15.4,13.6,11.9,38.2,52.6,70.1,61.4,15.8,16.6,11.4,19.9,6.5,6.7,6.3,6.9,3.1,4.4,4.3,4.6,0.2,0.3,0.3,0.3,1.6,1.7,2,1.7,0.5,0.8,0.7,0.8
175,คลองรอบกรุง,สะพานสมมตอมรมารค (ถ.บำรุงเมือง),29.2,28.5,29.1,29.3,6.9,6.8,7.3,7.2,0.7,0.4,0.1,0.2,0,0.1,0.3,0.2,12.4,14.4,12.4,13.6,38.1,49.2,92.8,69.4,14.5,17.5,14.9,19.4,5.4,5.9,6.6,8.4,2.7,3.6,4.4,5.4,0.2,0.2,0.3,0.3,1.8,1.7,2.7,1.6,0.5,0.7,0.8,0.8
176,คลองรางหอกหัก,ปตร.วัดลูกโค,30.8,30.6,30.8,30.2,7.5,7.4,7.5,7.4,4.1,4,4.5,4.3,0,0,0,0,6.6,5.7,6.4,6,64.7,59.6,61.8,54,30.4,10.5,14,40.2,3.1,3.4,2.7,2.3,1,1.2,1.2,1.1,0.7,0.4,0.2,0.1,0.4,1,0.4,0.6,1.9,1.7,1.8,1.7
177,คลองรางหอกหัก,ปตร.เรือสัญจร,30.7,30.9,30.9,30.3,7.5,7.4,7.4,7.4,4,4.1,4.9,4.1,0,0,0,0,7.5,5.7,6.8,6.6,80.2,44,50.8,50.7,28.9,12.6,17.6,24.3,2.7,3.1,2.7,2.6,1.1,1.1,1,1.1,0.8,0.7,0,0,0.5,0.8,0.4,0.2,1.5,1.7,1.5,1.6
178,คลองราษฎร์บูรณะ,ถ.ราษฎร์บูรณะ,30.8,30.5,31.1,30,7.4,7.5,7.4,7.4,2.7,2.5,3.1,2.5,0,0,0,0,5.7,6.8,6.7,9.3,69.2,59.3,53.6,51.6,18.8,15.2,13.3,21.8,2,2.4,3.2,2.5,1.2,1.2,0.9,1,0.8,0.4,0.2,0,0.5,0.2,0.4,0.3,1.5,1.5,1.7,1.4
179,คลองราษฎร์บูรณะ,ถ.สุขสวัสดิ์,30.8,30.5,30.6,30,7.5,7.5,7.4,7.4,2.2,2.5,3.5,2.7,0,0,0,0,6.4,6.8,6.7,9.6,55.2,53.1,48.8,50.2,15.7,13.9,10,19.3,3.5,2.8,2.5,2.4,1.1,1,1,0.8,0.7,0.5,0,0,0.4,0.7,0.2,0.2,1.9,1.7,2.1,1.9
180,คลองโรงน้ำมัน,ถ.พระรามที่ 3 ข้างปั๊มน้ำมันบางจาก,27.8,28.9,29.8,29.5,7.1,7,7.4,7.3,1.9,2.5,1.1,1,0,0,0.8,0.8,10.3,6.6,11.1,13.2,44.3,30.4,63.6,79.3,22.7,23.5,15.3,17.6,5.7,3.5,7.6,11.1,3.1,1.4,5,7.7,0.1,0.4,0.4,0.2,1.6,1.9,2.1,2,0.4,0.4,0.8,1.3
181,คลองลาดกระบัง,ถ.ลาดกระบัง วัดลาดกระบัง,28.8,28.8,29.5,30.1,6.9,6.8,7.4,7.3,1.7,1.5,2.4,2.2,0,0,0,0,4.4,3.9,5.8,7,36.7,49.2,106.9,61.6,11.3,23,16.6,20.8,2.9,4.1,5.5,7.1,1.2,1.1,2.9,4.3,0.2,0.5,0.5,0.2,2.5,2.4,2.9,2.4,0.4,0.3,0.6,0.6
182,คลองลาดบัวขาว,ถ.ราษฎร์พัฒนา โรงเรียนสุเหร่าลาดบัวขาว,29.4,29.4,29.6,28.9,7,6.9,7.6,7.2,1.9,2.4,4.3,2.6,0,0,0,0.1,6.8,6.4,6.1,9.7,45.6,45.1,77.3,65.7,24.9,21.7,12.6,22.7,5.2,5.3,10.2,10.6,3.2,2.5,5.1,8.8,0.1,0.2,0.5,0.2,2.2,2,2.1,2.3,0.4,0.5,0.9,0.9
183,คลองลาดบัวขาว,วัดลาดบัวขาว,29.4,29.4,29.6,28.9,7.1,7,7.6,7.2,2.6,2.7,4.9,2.4,0,0,0,0,7.3,6.1,5.9,8.1,48.6,45.1,72.6,64.1,22.6,24.4,15.3,19.9,5.3,4.6,9,9.4,3.1,2.4,5.3,6.9,0.2,0.2,0.4,0.2,2.3,2.1,2.2,2.3,0.5,0.5,0.9,0.9
184,คลองลาดพร้าว,ถ.ประชาอุทิศ,28.9,29,29.5,29.6,7,7,7.3,7.2,0.3,0.7,0.3,0.2,0.8,0.1,0.2,2.4,11.3,12.5,13.4,14.4,56,50,85.1,72.7,11.8,21,13.4,15.7,8.2,7.7,11,9.4,4.6,5,8.8,7.2,0,0.2,0.2,0.1,2.2,2,2,2.3,0.5,0.8,1.1,0.9
185,คลองลาดพร้าว,โรงเรียนพิบูลอุปถัมภ์ (ถ.ลาดพร้าว),28.9,29,29.5,29.6,7,7,7.4,7.2,0.1,0.6,0,0.3,0.9,0.1,0.4,2,12.1,12.2,14.4,15,47,51.6,98.9,64.1,11.6,26.5,22,16,7.4,7.5,15.4,11.3,4.3,4.4,9.5,7.8,0.1,0.2,0.2,0.1,2.2,2,1.9,2.2,0.5,0.8,1.1,1
186,คลองลาดพร้าว,วัดบางบัว,28.9,29,29.5,29.6,7,7,7.3,7.2,0.6,1.5,0.7,0.8,0.2,0,0.2,1.3,8.8,8.5,8.8,9.9,40.1,52.1,69.9,60.8,11.5,22.9,14.4,17.9,6.6,6.4,9.3,9.7,3.1,3.8,7.4,6.2,0.1,0.2,0.2,0.2,2.1,2,1.9,2.1,0.5,0.7,0.9,0.9
187,คลองลาดพร้าว,ถ.เกษตร - นวมินทร์,28.9,29,29.5,29.6,7,7,7.3,7.2,0.4,1.2,0.7,0.6,0.3,0,0.1,0.8,9.9,9.2,8.1,11.3,41.6,56.6,73.1,67.1,12.1,22.9,15.3,17.8,8.1,6.5,12,10.5,4.4,4.3,7.5,6.9,0.1,1,0.3,0.1,2.1,2.2,1.9,2.1,0.5,0.6,0.9,0.9
188,คลองลาดยาว,ถ.วิภาวดีรังสิต,30.9,29.2,29.5,29.2,7.3,7,7.4,7.2,0.6,1.3,0.3,0.1,0.1,0.1,0.3,2.3,22.5,31.4,29.1,24.3,76.7,112.4,119.6,86.3,35.4,31.8,19.5,18.9,10.5,12.9,12.3,17.3,7.8,9.5,10.1,13.9,0,0.2,0.1,0,2.3,2.1,3,2.4,0.8,1.6,1.3,1.1
189,คลองลาดยาว,ถ.รัชดาภิเษก,30.9,29.2,29.5,29.2,7,7,7.5,7.3,0,0.4,0.4,0.1,1.9,0.2,0.7,1.8,52.5,37.8,25.9,25.8,144.1,145.8,139.3,93.3,31.5,57.5,18,16.2,22.3,13.9,15.4,18,17.2,10.5,13.6,14.7,0,0.2,0.1,0,2.8,2.2,3,2.5,1,1.6,1.3,1.1
190,คลองลำกอไผ่,ตัด ถ.ฉลองกรุง  ,29.4,29.1,29.1,29.7,6.9,6.8,7.4,7.2,1.9,3.3,3.3,3.2,0,0,0.1,0,4.8,4.3,4.9,4.2,35.6,40.8,120.4,37.8,18.8,30.1,16.9,20.6,5.7,3,4.8,6.6,1.1,0.7,2.3,3.4,0.1,0.3,0.3,0.2,2.6,2.1,2.8,2.2,0.3,0.3,0.6,0.5
191,คลองลำชวดเตย,ตัด ถ.ฉลองกรุง ใกล้หมู่บ้านวรีย์เฮ้าส์,29.4,29.1,29.1,29.7,6.9,6.9,7.3,7.1,1.3,1.9,0.9,0.4,0.1,0,2.3,2.7,4.7,8.6,17.4,21.8,38.3,57,101.9,104.6,16.3,57.2,12.3,23,5.8,5.2,12.4,16.8,1.7,1.7,9.5,13.3,0.1,0.2,0.2,0.1,2.6,2.4,3.2,3.6,0.4,0.4,1.2,1.1
192,คลองลำต้นกล้วย,ถ.มิตรไมตรี ก่อนถึงสามแยก รพ.หนองจอก,30.8,29.3,29.1,29.3,7,6.9,7.2,7,2.5,2.8,3.1,2.4,0.2,0,0,0,4.2,3.1,2.4,5.8,47.7,35.1,62.8,32.8,20.8,49.3,30.4,26.2,2.3,3,3.4,3,0.4,0,0.3,0.3,0.1,0.1,0.1,0.1,2.1,2.3,2,1.7,0.2,0.2,0.2,0.4
193,คลองลำต้นนุ่น,ถ.เสรีไทย 73,30.7,29.3,29.6,29,7.1,7.1,7.4,7.3,0.7,0.1,1.8,0.2,0.8,0.3,0.5,2.7,14,22.5,10.1,22.5,58.9,111.8,105.8,76.9,11.8,32.4,16.9,13.7,8,13.2,14,20.3,4.2,8,9.9,13.8,0,0.1,0.3,0.2,2.6,2.3,2.2,2.7,0.8,1.3,1.2,1.3
194,คลองลำนายโส,ถ.ราษฎร์พัฒนา โรงเรียนสุเหร่าลำนายโส,29.4,29.4,29.6,28.9,7,6.9,7.4,7.3,1.3,2.2,3.1,2,0,0,0,0.1,6.7,5.5,6.6,9.7,43.9,51.5,75.4,68.1,23.8,24.3,13.8,26.1,4.5,4.9,8.1,9.3,2.4,1.3,4.1,6.3,0.1,0.2,0.5,0.2,2.2,2.1,2,2.3,0.4,0.3,0.6,0.8
195,คลองลำนายโส,วัดปากบึง,29.4,29.4,29.6,28.9,7,6.9,7.4,7.3,1.3,2.2,3.3,2.2,0,0,0,0,6.4,5.5,4.5,9,42.4,50.6,70.8,72,24.3,26,13.1,24.3,4.6,4.1,6.2,10.4,1.8,1.8,4,6.3,0.1,0.2,0.5,0.3,2.2,2,2,2.4,0.4,0.3,0.6,0.8
196,คลองลำปลาเน่า,ถ.ฉลองกรุง จุดกลับรถใต้สะพานข้ามคลอง,29.4,29.1,29.1,29.7,6.9,6.8,7.4,7,2.8,3.1,3.8,0.7,0,0,0.1,0.6,3.7,3.5,4.3,5.8,29.8,42.3,64.8,47.9,16,32.5,13,16,2.8,2.3,3.2,5.8,0.6,0.1,0.7,3.5,0.1,0.1,0.2,0.1,2.4,2.2,2.1,2.3,0.3,0.2,0.2,0.7
197,คลองลำผักชี,ถ.สุวินทวงศ์ สถานีย่อยสุวินทวงศ์ กฟน.,29.4,29.1,29.1,29.7,7,7,7.4,6.9,2.5,3.4,3.5,2.8,0,0,0,0,3.4,3.5,3.5,3.7,35.3,50.3,97.4,41.8,42,69.5,39,18.8,3.8,2.5,4.3,3.5,0.3,0.3,0.8,1,0.1,0.2,0.3,0.1,2.4,2.2,2.1,2,0.2,0.2,0.2,0.3
198,คลองลำผักชี,ถ.ฉลองกรุง หมู่บ้านฉลองกรุงริเวอร์วิว,29.4,29.1,29.1,29.7,6.9,7,7.4,7,2.4,3.2,3.3,3,0,0,0,0,4,3.4,3.4,3.9,36.3,47.7,104.8,48,62.3,82.6,47,17.8,2.7,1.9,3.7,4,0.4,0.1,0.7,0.8,0,0.3,0.3,0.2,2.5,2.3,1.8,2,0.4,0.2,0.2,0.3
199,คลองลำมะขาม,ถ.ฉลองกรุง,29.4,29.1,29.1,29.7,6.9,6.9,7.3,7.1,1.8,2.9,1.1,0.9,0,0,0.2,0.3,4.1,5.5,5.5,5.5,46,43.5,76.3,50.7,23,26.5,26.3,12.8,4.6,3.5,5.1,7.8,1.1,0.5,1.1,2.9,0.1,0.4,0.4,0.2,2.5,2.3,2.5,2.3,0.3,0.3,0.7,0.6
200,คลองลำสาลี,ถ.กรุงเทพกรีฑา โรงเรียนลำสาลี,28.2,28.7,30,29.8,7.1,7.2,7.5,7.2,1.4,3.8,2.1,1.5,0,0,0,0,7.9,7.7,6.6,10.3,46.8,64.9,80.7,62.1,14.5,27.6,14,20.4,4.8,5.7,10.7,12.8,2.7,2.8,7.8,8.8,0.1,0.5,0.2,0.2,2.5,2.4,2.2,2.4,0.7,0.7,1.2,0.8
201,คลองลำสาลี,ถ.กรุงเทพกรีฑา ซ.ประชาร่วมใจ,28.2,28.7,30,29.8,7.1,7.2,7.5,7.2,2.2,3.3,3.7,2.1,0,0,0,0,7,8.1,5.9,9.8,56.3,59,110.5,59.4,13.8,28.8,20.8,18.5,5.1,4.3,8.8,9.4,2.6,2,5.4,6.5,0.2,0.4,0.1,0.1,2.5,2.5,2.5,2.5,0.6,0.6,1.1,0.8
202,คลองลำหิน,ถ.คู่คลองสิบ สะพานข้ามคลอง,30.8,29.3,29.1,29.3,7,6.8,7.3,7.1,3,2.6,3.1,3.2,0,0,0,0,4.2,3.8,3.5,3.5,33.1,52.8,99.3,39,16,38.5,35.4,21.1,2.4,3.8,4.4,2.8,0.6,0.3,0.7,0.8,0.1,0.2,0.2,0.1,2.2,2.5,1.8,2.2,0.2,0.2,0.2,0.1
203,คลองลำหินฝั่งใต้,ถ.เลียบวารี สะพานคลองลำหินฝั่งใต้,30.8,29.3,29.1,29.3,7,6.8,7.4,7.1,2.4,1.5,5.1,2.6,0,0,0,0,4.3,3.1,3.4,4.7,35.4,41.3,97.1,46.4,20.4,45.2,51.9,55,2.7,3.3,3,3.2,0.8,1.4,0.5,1,0.2,0.2,0.2,0.3,2.2,2.5,2.1,2.1,0.3,0.2,0.3,0.2
204,คลองวัดกระทุ่มเสือปลา,ถ.อ่อนนุช ซ.67 วัดกระทุ่มเสือปลา,28.8,29.2,29.6,29.5,7,6.9,7.4,7.2,0,0,0.2,0.3,1,0.3,0.4,1.4,10,15.4,13.1,12.4,59.8,147.8,94.8,46.9,8.6,59.2,11.8,8,7.7,8,16.3,11.6,5.5,4.7,8.3,9,0,0.1,0.2,0.1,3.1,2.5,3,2.1,0.7,0.9,0.8,0.7
205,คลองวัดจันทร์,ถ.พระรามที่ 3 หน้าสำนักงานเขตบางคอแหลม,29.6,29,29.5,30,7.2,6.9,7.4,7.2,3.1,2.4,2.2,2.6,0,0,0.5,1.1,8.6,8.3,13,7.5,37.4,41.6,119.4,48.1,14.5,26.9,181.8,20.2,5,4.1,9.3,4.3,3,2.1,6.2,2.7,0.2,0.2,0.4,0.4,1.9,1.7,2.7,2.1,0.4,0.6,0.8,0.6
206,คลองวัดช่องนนทรี,ถ.พระรามที่ 3 เข้า ซ.53,27.8,28.9,29.8,29.5,7.1,7,7.5,7.1,1.9,1.9,1.3,1,0,0,0.3,0.8,11.3,6.2,7.8,11.6,35.3,48.1,88,54.2,26.3,27,14.5,18.1,6.2,4.1,7,9.8,3.3,1.5,4.9,6.8,0.3,0.2,0.4,0.2,2.2,1.8,2.7,2,0.5,0.4,0.7,0.8
207,คลองวัดดอกไม้,ถ.พระรามที่ 3 วัดดอกไม้,27.8,28.9,29.8,29.5,7.2,7,7.5,7.3,2.7,3,2.6,1.8,0.1,0,0,0.3,5.3,5.4,7.3,10.7,26.6,30,99.1,63.3,28.7,17.2,15.1,17.1,5.6,2.7,5.8,8.7,2.3,0.7,1.6,5.9,0.2,0.4,0.4,0.3,1.9,1.9,2.7,2.2,0.6,0.4,0.5,0.8
208,คลองวัดดอน,ซ.เจริญกรุง 57,28.8,29.1,29.4,29.8,7,6.9,7.4,7.2,0.3,0.2,0,0.3,0.3,0.3,1.9,1.1,26.1,27.7,31.5,27.8,83,91.3,156.8,88.2,14.7,18.7,24.1,23.8,11.3,10.1,16.4,12.7,9,7.4,13.6,9.9,0,0.1,0,0.1,2.6,2,1.9,2.1,0.8,1.1,1.4,1.1
209,คลองวัดทองเพลง,วัดทองเพลง,30.5,30.8,30.1,29.9,7.5,7.5,7.4,7.4,3.2,3,2.8,1.6,0,0,0,0,8.4,8.6,6.6,9.9,66,69.8,63,56.3,10.5,13.5,12.1,21.9,3,2.5,2.1,2.5,0.8,0.7,0.9,1.1,0.8,0.4,0.1,0,0.3,0.5,0.4,0.2,1.2,1.4,1.7,1.5
210,คลองวัดทองเพลง,ถ.เจริญนคร,30.5,30.4,30.6,30,7.5,7.4,7.5,7.5,3.1,2.4,3.4,1.5,0,0,0,0,5.9,8.1,7.6,10.6,64.3,72.5,63.4,54.3,11.6,15,15.4,21.9,3,2.6,2.3,2.2,0.7,0.8,0.9,0.8,0.7,0.2,0,0.2,0.4,0.3,0.5,0.3,1.4,1.4,1.5,1.5
211,คลองวัดไทร,ถ.พระรามที่ 3 วัดไทร,29.6,29,29.5,30,7.2,6.9,7.4,7.2,1.2,1.9,1.2,0.7,0.1,0,0.1,0.5,12.6,4.7,9.4,11.3,60.5,25.6,71.9,64,17.7,27.4,15.4,19.8,9.6,3.3,5.5,8.1,4.9,0.9,3.7,4.8,0.2,0.3,0.4,0.3,2.2,1.6,3,2.3,0.5,0.3,0.7,0.8
212,คลองวัดปริวาส,ถ.พระรามที่ 3,27.8,28.9,29.8,29.5,7.3,7.3,7.5,7.4,2.4,3.1,3.3,2.5,0,0,0.1,1.3,7.5,5.6,9.1,16.8,27.1,33.2,100.4,47.6,23.9,27.2,15.6,22.4,5.5,4.2,6.4,9.3,1.4,1.7,3.9,5.9,0.1,0.3,0.4,0.3,1.8,1.9,2.7,2.3,0.4,0.5,0.7,0.9
213,คลองวัดราชา,วัดราชา,30.3,30.5,29.6,29.8,7.4,7.4,7.4,7.4,3.1,2.3,2.8,4.4,0,0,0,0,6,7.4,2.4,5.8,66.3,73.2,100.1,41.3,14,13.5,19.1,24.1,2.3,2.2,4.3,3.5,0.6,0.5,0.9,1.1,0.5,0.4,0.5,0.3,1,0.8,2.9,2.6,0.8,1.4,0.3,0.4
214,คลองวัดใหม่,ถ.พระรามที่ 3 บมจ.ธนาคารกรุงศรีอยุธยา,27.8,28.9,29.8,29.5,7.8,7.6,7.4,7.3,3.5,3.3,2.7,2.4,0,0,0.3,0.1,6.4,9.9,9.8,17.1,33.1,30.7,116.6,65.6,26.9,28.7,18.9,38.7,5.1,3.9,5.5,8.4,1.8,1.6,3.2,4.1,0.3,0.3,0.5,0.5,2.4,2.3,2.8,2.8,0.3,0.5,0.7,0.8
215,คลองวัดอนงค์,หน้าวัดอนงค์,29,28.8,30.5,30.7,7,7,7.5,7.4,1.4,2.4,2.7,1.8,0,0,0,0,7.7,7.1,7.1,11.3,53.3,56,61,70.2,16.1,23.6,16.4,28.5,4.2,5.2,2.8,2.6,2,1.4,0.9,1,0.3,0.3,0.2,0.2,2,2,0.3,0.2,0.7,0.4,1.5,1.6
216,คลองสนามชัย,วัดสิงห์,30.4,30.9,30.3,30.1,7.4,7.5,7.4,7.5,3.3,3,3,2.7,0,0,0,0,7.7,6.3,7,8.1,70.8,73.1,52.8,53.5,17.7,14.1,12.1,15.8,1.8,2.6,2.9,2.2,0.6,1.1,1.1,0.9,0.8,0.6,0,0.1,0.4,0.4,0.2,0.5,1.4,1.5,1.8,1.7
217,คลองสนามชัย,วัดเลา,30.3,30.7,30.8,30.1,7.5,7.5,7.5,7.5,2.9,3.4,3.3,2.7,0,0,0,0,6.9,6.3,6.8,7.9,51,69.8,74.8,59,17.3,2.5,15.6,16.8,4.5,0.8,2.6,2.5,0.3,0.7,0.7,0.9,0.7,0.5,0.2,0.2,0.6,1.7,0.2,0.2,1.8,0,1.7,1.5
218,คลองสนามชัย,สน.ท่าข้าม,30.3,30.7,30.4,30.1,7.5,7.4,7.5,7.5,3.5,3.2,3,2.7,0,0,0,0,6.6,8.4,7,8.5,61.8,65.7,61.1,63.7,18.5,17.3,14.6,19.9,1.6,1.8,2,2.2,0.5,0.6,1,1.2,0.6,0.5,0.1,0.1,0.7,0.6,0.1,0.3,0.9,1.5,1.4,1.6
219,คลองสนามชัย,วัดบางกระดี่,30.8,30.7,30.5,30.1,7.5,7.4,7.4,7.4,3,3.8,3,3.4,0,0,0,0,7.3,6.9,6.4,7.6,52.8,57.5,60.8,51.8,12.7,19.2,14.4,19.9,2.3,2.4,2.8,2.6,1,0.9,0.9,1,0.7,0.4,0.1,0.1,0.3,0.4,0.2,0.2,1.2,1.6,2,1.4
220,คลองสนามชัย,วัดแสมดำ,30.5,30.6,30.4,30.1,7.4,7.5,7.5,7.4,4.2,3.6,3.2,3.1,0,0,0,0,6.1,6.4,6.4,8.9,64.3,57.3,65.6,60,11,24.5,18,19.9,3.3,3,2.6,2.6,1.3,0.8,1,1.1,0.6,0.3,0,0.1,0.5,0.5,0.3,0.5,1.8,1.6,1.5,1.7
221,คลองสมเด็จเจ้าพระยา,สะพานท่าดินแดง,30.3,30.5,30.8,30.4,7.5,7.5,7.5,7.4,1.9,3,2.4,1.7,0,0,0,0,8.4,7.4,7.6,11.8,68.5,65.5,61,58,18.5,16.3,14.1,24.3,3.7,3.3,3,2.4,1.5,1.2,1.1,0.7,0.7,0.3,0.2,0.1,0.6,0.3,0.3,0.3,1.1,1.7,2.1,1.8
222,คลองสมเด็จเจ้าพระยา,หน้า รพ.สมเด็จเจ้าพระยา,30.5,30.5,30.5,30.3,7.5,7.5,7.5,7.4,2.3,3.1,2.3,1.7,0,0,0,0,8.1,7.2,6.9,11.8,69.5,70.7,62.8,59.8,19.8,19.5,16.8,24,1.9,2.7,2.9,2.4,0.8,1,0.9,0.8,0.5,0.3,0.1,0,0.5,0.6,0.4,0.3,1.2,1.4,1.8,1.6
223,คลองส้มป่อย,สะพานพระราม 6 สถานีเฝ้าระวัง,28.7,28.7,29.6,29.8,7.2,7.3,7.5,7.5,2.8,2.7,3.2,3.6,0,0,0,0.1,3.8,4.9,2.8,4.8,28.6,146.6,150.5,28.8,51.3,402.5,38.8,19.2,4.4,2.7,4.6,2.9,0.9,1,2.2,0.4,0.1,0.4,0.4,0.3,2.3,1.9,2.4,2.6,0.4,0.3,0.4,0.3
224,คลองสวนหลวง ,ปตร.สวนหลวง ถ.เจริญกรุง 76,29.6,29,29.5,30.1,7.2,6.8,7.3,7.1,1.2,0.8,1.3,0.3,1.1,0.1,0.3,0.4,16.3,16,13.8,22.9,85.4,52.7,95.5,86.1,26.2,26.7,12.6,17.8,9.1,7.5,9.4,15,5.6,4.6,7.1,11.2,0,0.2,0.3,0.1,1.9,1.7,3,2.4,0.6,0.9,0.9,1.2
225,คลองสวนหลวง 1,ถ.พระรามที่ 1 (แยกเจริญผล),29.6,29.1,29,29.2,7.1,7,7.3,7.3,0.2,0.2,0,0,0.2,0,1.1,1,31.5,37.3,43,25.8,97.6,106.3,175,99.8,17.7,22.7,18.4,18.6,13.1,15.6,20.5,17.6,11.2,12.1,17.4,15.2,0,0.1,0.1,0.1,2.5,2.5,2.5,2.4,0.8,1.4,1.5,1.2
226,คลองสวนหลวง 2,ถ.เจริญเมือง,29.2,29.5,29,29.2,7.1,7,7.3,7.2,0.7,2.4,0,0,0.1,0,1,2.3,16.5,12.2,36.5,31.6,66.7,74.4,179.1,107.6,23.8,35.4,20,20.8,10.2,5.8,19,17.9,5.7,2.7,17.2,14.4,0.1,0.2,0.1,0.1,2.3,2.3,2.8,2.7,0.6,0.7,1.5,1.4
227,คลองสอง,ซ.วัดเกาะ สามแยกโรงเรียนระเบียบวิทยา,29.5,28.8,29.3,29.8,6.9,6.9,7.3,7.1,0.9,2.9,2.5,0.8,0,0,0.5,0.5,6.4,8.5,16.1,11.7,40,51.5,162,52.3,14.5,21,14.1,14.6,6.5,5,8.5,9.5,2.8,2.7,4.8,5.3,0.3,0.3,0.4,0.1,2.1,2.1,2.4,1.7,0.5,0.6,0.8,0.7
228,คลองสองต้นนุ่น,หลังโรงงานปรับปรุงคุณภาพน้ำร่มเกล้า,28.6,28.5,29.3,29,6.9,7,7.5,7.2,1.3,1.9,2.7,1.7,0,0,0.2,0.3,7.5,6.7,8.3,8.8,45.4,59,134.3,64.2,15.7,29.2,48.4,23.6,3.5,4.8,9.6,8.3,1.6,2,6.1,5.6,0.1,0.3,0.3,0.1,2.4,2,2.2,2,0.5,0.3,0.9,0.6
229,คลองสองต้นนุ่น,ซ.รามคำแหง 209,30.1,30.7,29.3,29,7.4,7.4,7.5,7.2,2.3,2.6,2.9,1.6,0,0,0.1,0.1,6.9,7.2,9,10.9,67,76.5,146.4,69.8,11.3,11.5,65.9,29.7,2.9,2.9,8.1,9.7,0.4,0.8,5.7,5.9,0.6,0.4,0.3,0.2,1,0.7,2.1,2.1,0.8,1.2,0.9,0.7
230,คลองสองห้อง,ถ.อ่อนนุชใกล้ ซ.61,28.8,29.2,29.6,29.5,7,7,7.5,7.2,0.9,1.4,1.2,0.6,0.1,0,0.4,0.7,8.8,10,13.8,12.5,68.2,74.1,112.8,70.3,21.2,20,20.8,20,6.4,6.2,12.8,11.4,3.4,3.7,8.5,9.2,0,0.2,0.2,0.1,2.7,2.3,3.8,2.5,0.6,0.7,1.2,0.9
231,คลองสองห้อง,ถ.เฉลิมพระเกียรติ ร.9,28.8,29.2,29.6,29.5,7.1,7.1,7.5,7.2,1.6,2.3,2.1,1,0,0,0.2,0.2,7.3,7.5,11.9,9,61.4,56.7,112.3,54.2,19.9,17.7,14.5,17.8,6.1,5.6,11.1,10.9,2.6,3,6.7,7,0,0.4,0.3,0.2,2.6,2.4,3.3,2.7,0.6,0.6,1,0.8
232,คลองสองห้อง,หน้าโรงขยะอ่อนนุช,28.8,29.2,29.6,29.5,7.1,7,7.5,7.3,0.9,1.5,0.2,0.8,0.2,0,1.2,0.6,13.3,15.8,20.3,12.3,63.2,97.3,127.9,68.5,23.6,24.2,20,21.8,6.4,6.1,10.9,17.4,3.4,3.2,9.8,13.4,0,0.2,0.3,0.3,3.1,2.2,2.9,2.8,0.6,0.7,1.2,0.8
233,คลองสะพานสูง,ถ.รามคำแหง หมู่บ้านกรีนเบอร์วิลล์,28.2,28.7,30,29.8,7,7,7.4,7.1,0.7,1.4,2.9,0.3,0.1,0,0.3,0.4,9.7,12.4,9.1,12,53,72.9,106.9,56.3,9.8,48.1,14.3,17.1,5.7,7.1,12,12.1,3.9,4.3,7.2,9.3,0.1,0.3,0.3,0.1,2.4,2.2,2.2,2,0.6,0.9,1.2,0.9
234,คลองสาด,ประตูระบายน้ำคลองสาด ถ.ศรีนครินทร์,30.3,28.8,29.1,29.8,7.3,7.2,7.6,7.4,2.3,3.1,1.9,1.4,0,0,0.4,0.5,6,9.1,8.1,11,40.8,54.8,76.5,52.9,25,23.9,42.4,17,6.5,6,6.7,11.5,2.8,2.9,4.3,8.3,0.4,0.2,0.3,0.3,2.2,1.9,2.9,2.4,0.5,0.7,0.8,1
235,คลองสาทร,ปตร.สาทร,29.4,29.1,29.5,29.5,6.9,6.7,7.3,7,1.1,1.4,0.8,0.7,0.1,0,0.2,0.3,13.1,14,15.1,13.4,46.9,61.2,69.8,68.6,16.4,18.7,9.9,21.3,8.2,5.4,8.1,6.6,4.5,2.4,5.2,4.4,0.1,0.2,0.4,0.3,1.9,1.6,2.4,2.1,0.5,0.7,0.8,0.8
236,คลองสาทร,สถานทูตซาอุดิอาระเบีย,29.4,29.1,29.5,29.5,7.1,6.9,7.5,7.1,0.2,0.3,0,0.2,0.3,0.2,0.9,0.9,19.8,22.2,22.8,21.4,84.5,116.3,127.8,92.7,18.6,18.5,23.9,24.9,10.4,9.8,15.2,11.3,6.6,5.2,11.9,8.5,0,0.1,0.4,0.1,2.2,1.6,2.2,1.9,0.8,1.1,1.4,1.1
237,คลองสาทร,ติด ถ.พระรามที่ 4 ใกล้สะพานไทย - เบลเยี่ยม,29.4,29.1,29.5,29.5,7.1,6.9,7.4,7.2,0.3,0.3,0,0.2,0.2,0.2,1.1,0.8,20.7,22,24.4,20.1,100.9,115.5,102.8,85.5,27.8,28,15.1,26.4,11.3,8.7,14.6,12.6,8.7,5.9,11.8,9.5,0,0.1,0.3,0.1,2.3,1.6,2.2,1.9,0.8,1.1,1.4,1.1
238,คลองสาธารณะประโยชน์,ถ.ประชาราษฎร์สาย 1 ใกล้ ซ.21,28.7,28.7,29.6,29.8,7,7,7.3,7.2,1.1,1.4,0.2,1.2,0,0.1,0.4,0.1,7.1,10.2,12,8.6,35.3,62,76.8,45.7,28.7,32.8,9.4,17.3,4.4,7.7,8.2,7.6,2,4.6,6.1,4.8,0.2,0.1,0.2,0.3,1.9,1.9,2.2,2,0.3,0.7,0.9,0.6
239,คลองสามง่าม,ม.เกาะแก้ววิลล่า ซ.2 ถ.พหลโยธิน 54/1,29.5,28.8,29.3,29.3,6.9,6.8,7.2,7.2,0.1,1.3,0.1,1,1.2,0,1.1,0.7,15.2,15.3,28.3,39.3,66.7,65.9,156.6,361.3,13.1,22.1,18.3,276,7.3,6.1,13.3,56.9,4,3.9,10.2,25.4,0.2,0.4,0.2,0.2,2.6,2.3,2.7,2.5,0.7,0.7,1,1.8
240,คลองสามเสน,ปตร.สามเสน,29.1,29.5,28.8,29.1,7.1,6.9,7.5,7.1,1.8,1.5,1.4,1.8,0.1,0,0,0,7.7,10.3,6.6,6.7,36.2,74.5,44.3,41.3,38.5,45.9,15.6,26.3,5.8,5.6,7.4,6.7,3,3.4,4.7,4.7,0.2,0.4,0.4,0.4,2.2,2.1,1.8,2.8,0.4,0.6,0.7,0.7
241,คลองสามเสน,วัดโบสถ์,29.1,29.5,28.8,29.1,7.1,7,7.5,7.1,1.7,0.7,1.4,1.8,0.1,0,0,0,8.1,12.9,6,7.8,36.6,58.8,70.1,39,43.1,34.2,13.3,28.2,5,6,6.3,7.7,2.3,3.7,4.5,4.9,0.2,0.4,0.3,0.4,2,2.1,1.8,2.8,0.4,0.7,0.7,0.7
242,คลองสามเสน,อนุสาวรีย์ชัยสมรภูมิ,29.1,29.5,28.8,29.1,7.1,6.9,7.4,7.1,1,0.2,0.6,0.4,0,0.2,0.2,0.4,12,28.7,18.4,16.6,49.8,95.1,88.1,62.2,29.4,26,18.8,36.6,7.9,10.7,8.5,10.3,4.8,7.3,7.2,8.1,0.2,0.3,0.2,0.2,2,2.2,2.4,3.3,0.5,1.3,1,0.9
243,คลองสามเสน,หลังแฟลตดินแดง,29.1,29.5,28.8,29.1,6.7,6.9,7.4,7.1,1.1,0,0.6,0.8,0.1,0.2,0.5,0.3,13,23.5,11.3,12.3,44,77.3,68.4,55.5,19.1,20,11.9,20.6,7.9,9,7.9,8.6,5.3,6.1,6,6.9,0.1,0.3,0.3,0.3,1.9,2.4,2.3,3.5,0.6,1.2,0.9,0.9
244,คลองสำโรง,สะพานสำโรง (ถ.ศรีนครินทร์),29.3,29.2,29.6,29.4,7.1,7,7.4,7.4,0.9,1.3,0.4,2,0.3,0.1,0.4,0.3,11.6,16,11.5,14.7,59.7,67.5,84.8,82.3,16.8,20.7,15,23,7.8,7.8,12.9,14.3,4.9,5.3,10,11.2,0,0.1,0.2,0.1,2.6,2.5,2.4,2.8,0.6,1.1,1.1,1.1
245,คลองสำเหร่,ถ.เจริญนคร,30.2,30.8,30.6,30.2,7.5,7.4,7.4,7.4,2.3,3.2,2,1.7,0,0,0,0,9.1,7.3,7.5,11,71.8,79.1,71.8,53.2,20.4,14.4,14,17.3,3.1,2.5,2.6,2.6,1.9,0.9,1,1,0.6,0.4,0.2,0,0.3,0.5,0.3,0.5,2.1,2,1.6,1.5
246,คลองสำเหร่,ถ.เทอดไทย,30.5,30.7,30.4,30.2,7.5,7.4,7.5,7.4,2.5,2.6,2.4,1.8,0,0,0,0,7.7,7.6,7.9,10.5,86.5,66.4,63.4,52.7,18.4,14.3,13,19.7,3.7,3,2.7,2.5,2.2,1,1,0.9,0.6,0.4,0.1,0.1,0.5,0.4,0.3,0.2,1.8,1.7,1.8,1.5
247,คลองสิบเอ็ด,ถ.คลองสิบ คลองสิบเอ็ด ,30.8,29.3,29.1,29.3,7,6.9,7.4,7,2.7,2.9,4.6,2.5,0,0,0,0,4.3,3.8,3,3.8,35.4,44.1,128.9,44.1,17.6,38.8,30.4,31.8,2.8,2.9,4.3,3.4,0.6,0.3,1.1,0.4,0.2,0.3,0.1,0.2,2.1,2.6,1.9,2.3,0.2,0.1,0.2,0.1
248,คลองแสนแสบ,ตลาดหนองจอก,28.6,29.4,29.6,29.7,7,6.9,7.6,7,3.1,3,5.7,2.3,0,0,0,0,3.8,3.5,4.1,3.5,43.6,36.3,74.9,25.7,36.6,41.2,42.1,29.1,3.5,2.6,4.6,4.1,1.3,0.3,1.4,0.3,0.1,0.2,0.1,0.2,2.3,1.9,1.7,1.7,0.2,0.1,0.4,0.3
249,คลองแสนแสบ,ถ.อโศกดินแดง,29.8,29.4,29.6,29.3,7,7,7.4,7.2,1,1.2,1.2,1.4,0,0,0.1,0.2,8.8,8,9,12.8,53.9,59,106,73.6,31.5,63.7,39.4,30.8,6,8.3,8.5,8.3,3.3,4.6,4.8,6.1,0.1,0.2,0.4,0.2,2.1,2.3,2.5,1.9,0.5,0.8,0.9,1
250,คลองแสนแสบ,ปตร.แสนแสบ (ถ.เพชรบุรี ซ.ประสานมิตร),29.8,29.4,29.6,29.3,7,7,7.5,7.2,1,1.3,1.7,1.1,0.1,0,0.2,0.1,8.7,8.5,7.6,10.3,58.8,94,104.4,76.6,31.8,64.6,44.8,36.9,6.3,8.3,9.1,7.2,4.1,4.6,5.5,5.6,0.1,0.2,0.5,0.2,2.2,2.4,2.6,1.9,0.5,0.8,0.9,0.8
251,คลองแสนแสบ,ซ.เทพลีลา,29.8,29.4,29.6,29.3,7.1,7,7.4,7.2,0.9,0.8,0.6,0.3,0,0.1,0.2,1.3,10,8.8,10.3,12.3,67.2,69.3,151.4,75.8,43.2,53.4,40.4,32.6,7.2,8.1,12.7,10.4,4.5,4.8,8.8,8.6,0.1,0.2,0.3,0.1,2.2,2.4,2.2,2.2,0.5,0.8,1.2,1
252,คลองแสนแสบ,สะพานบางกะปิ,29.8,29.4,29.6,29.3,7.1,7,7.4,7.2,0.8,0.9,0.7,0.2,0.1,0,0.2,1,9.2,8.7,10.5,12.5,60.9,64.5,132.1,68.8,34.3,57,45.5,30.5,6.9,6.9,13.1,13.8,4.8,4.4,8.6,9.7,0,0.2,0.3,0.1,2.2,2.4,2.4,2.2,0.6,0.8,1.2,1.1
253,คลองแสนแสบ,วัดบำเพ็ญเหนือ,28.6,29.4,29.6,29.7,7,7.2,7.5,7.2,2.3,3.1,2.6,1.8,0,0,0,0,7,6.3,6.3,7.7,42.6,61.9,94.5,50.9,19.9,29.4,43.5,22.8,4.3,5.1,8.6,9.7,2.3,2.3,6.3,6.1,0.1,0.2,0.4,0.1,2.1,2.2,2.1,2.2,0.4,0.4,1,0.8
254,คลองแสนแสบ,มีนบุรี (โรงเรียนสตรีวิทยามีนบุรี),28.6,29.4,29.6,29.7,7.1,7.1,7.5,7.2,3.3,3.1,3.9,2.2,0,0,0,0,6.9,6.5,5,7.7,45,47.3,68.5,55.7,17.4,28.9,40.3,23.9,3,4.8,7.6,7.6,1.5,2.1,3.9,4.6,0.2,0.3,0.4,0.1,2.2,2.1,2,2.2,0.4,0.4,0.9,0.8
255,คลองแสนแสบ,ปตร.แสนแสบ (ของกรมชลประทาน),28.6,29.4,29.6,29.7,7.1,7.1,7.6,7.4,2.6,3.7,5.8,2.8,0,0,0,0,5.2,5.3,5.4,5.7,40.6,53.5,56.9,51.4,15.7,24.2,21.9,22.4,4,4.6,6,7.4,1.4,1.7,2.9,4.2,0.2,0.2,0.5,0.1,2.2,2.1,2.3,2.2,0.4,0.2,0.6,0.6
256,คลองแสนแสบ,สะพานประตูน้ำเวิลเทรดเซ็นเตอร์,29.8,29.4,29.6,29.3,7.1,7,7.4,7.2,1.4,1,2,1.3,0,0,0,0,7.7,13.9,7.4,12,49.6,135.5,73.8,73.3,29.1,88.5,25.8,50.9,5.9,8.6,7.4,6.5,3.3,4.6,3.9,3.9,0.2,0.3,0.3,0.3,2.1,1.7,2.3,1.8,0.5,0.8,1,0.8
257,คลองแสนแสบ,ถ.เลียบวารี,28.6,29.4,29.6,29.7,7,7,7.4,7.3,3.5,3.1,3.8,2.7,0,0,0,0,3.8,4.6,3.9,3.7,29.2,46.1,46.9,33.7,26.2,31.1,29.1,33.3,2.4,3,7.7,4.5,0.5,0.8,2.7,1,0.2,0.3,0.2,0.1,2.3,2.1,2.5,1.8,0.2,0.2,0.4,0.2
258,คลองแสนแสบ,ถ.สังฆสันติสุข ซ.โรงเรียนสุเหร่าใหม่,28.6,29.4,29.6,29.7,7,7,7.8,7.3,2.8,3.2,6.5,3.7,0,0,0,0,3.8,3.5,6.9,3.2,35.1,45.3,60.4,24.8,34.6,38.5,39.4,58.3,1.7,1.9,4.1,3,0.5,0.1,1.2,0.7,0,0.2,0.1,0.1,2.2,1.9,1.6,1.7,0.2,0.1,0.4,0.2
259,คลองหนองคา,หมู่บ้านมณสินี,28.8,28.8,29.5,30.1,6.9,6.8,7.3,7.1,1.6,1.8,1.1,1,0,0,0.2,0.4,5.7,4,10.4,13.7,38.5,41.1,127,66.9,11.8,24.9,12.3,20.1,3.6,2.9,8.3,9,1.6,0.9,5,6.3,0.2,0.5,0.3,0.1,2.6,2.5,2.5,2.3,0.4,0.2,0.8,0.7
260,คลองหนองตะกร้า,ถ.ลาดกระบัง ใกล้ ซ.40,28.8,28.8,29.5,30.1,6.9,6.8,7.5,7.2,2.1,1.8,3,3.4,0,0,0,0,5.2,4.1,5.1,7.5,34.9,44.5,116.9,56.3,14.8,21,14.3,22.8,2.9,4,7.9,7.1,1.3,1.4,3.9,4,0.2,0.4,0.5,0.2,2.5,2.5,2.9,2.3,0.3,0.2,0.7,0.6
261,คลองหนองบอน,ถ.เฉลิมพระเกียรติ ร.9 ซ. 26,30.3,28.8,29.1,29.8,7.1,7,7.4,7.2,1,0.2,0.3,0,0.5,0.2,0.8,3.1,11.2,12.5,13.9,14.2,61.9,71.2,67.1,65.5,12.3,15.5,16.9,17.1,6.4,8.2,8.3,11.9,3.9,4.8,5.9,8.2,0.2,0.2,0.4,0.1,2.9,2.6,3.4,2.9,0.7,1,1,1
262,คลองหนองปรือ,สวนพระนคร ,28.8,28.8,29.5,30.1,6.9,6.9,7.3,7.1,1.1,1.6,1,0.9,0.2,0,0.4,1.6,9.4,3.7,15.5,17.8,45.6,45.5,118,71.3,14.6,19.4,12.8,14.9,4.5,3.7,11.6,12.2,2.3,0.8,7.5,10,0.2,0.4,0.4,0.1,2.4,2.5,2.5,2.5,0.3,0.3,0.8,0.7
263,คลองหลอดวัดราชนัดดา,หลัง กทม. 1,29.2,28.5,29.1,29.3,6.9,6.8,7.3,7.2,0.8,0.4,1.1,1.3,0,0.1,0.1,0.1,10.7,10.9,6.6,9.7,36.2,40.7,72.4,49.2,18.8,21.8,15,16.3,5.3,5.1,4.9,4.8,2.5,2.3,2.1,2.8,0.2,0.2,0.5,0.3,1.7,1.6,2.1,2,0.5,0.5,0.5,0.5
264,คลองหลอดวัดราชบพิธ,ถ.ตีทอง,29.2,28.5,29.1,29.3,6.9,6.8,7.4,7.2,0.8,0.3,1.7,1.3,0.1,0.1,0.1,0.3,12.3,14,7.4,10.5,35.8,47.5,85.5,60.2,16.9,18.7,16,22.1,5.2,6,6.7,5.9,3.2,3.9,2.9,3.6,0.2,0.2,0.4,0.3,1.7,1.6,1.9,2,0.5,0.7,0.6,0.6
265,คลองหลอแหล,ถ.สุขาภิบาล 3 ซ.รามคำแหง 157/3,28.6,28.5,29.3,29,7,7.1,7.6,7.3,1.4,3.2,4,3,0,0,0,0,8.3,6.9,8.6,9.7,45.8,66.1,127.9,66.8,18.2,26.5,16,23.4,5.9,6.9,7.6,10.9,3.6,2.8,5.2,8.5,0,0.3,0.2,0.1,2.3,2.2,1.9,2.1,0.6,0.5,0.8,0.8
266,คลองหลอแหล,ถ.สุขาภิบาล 3 ซ.รามคำแหง 162,28.6,28.5,29.3,29,7,7.1,7.5,7.2,1.3,3.6,3.2,2.3,0,0,0,0.7,8.3,7.1,7.1,9.7,46.9,65.6,163.8,63,20,29.5,12.4,26.8,6.5,6.7,6.9,9.8,3.4,2.7,5.1,6.8,0.1,0.3,0.2,0.1,2.2,2.1,1.8,2.1,0.6,0.5,0.8,0.7
267,คลองหลอแหล,ถ.สุขาภิบาล ตลาดสดชีรอ,28.6,28.5,29.3,29,7,7.1,7.5,7.2,1,3,4.3,2.1,0,0,0,0.3,8.7,7.8,7.4,11.2,54.6,63.6,137.9,74.6,19.3,24.8,11,29.1,5.3,6.8,7.4,12.6,3.3,3.7,5.3,8.5,0.1,0.3,0.3,0.1,2.4,2.1,1.9,2.1,0.6,0.5,0.8,0.9
268,คลองหลอแหล,ถ.ราษฎร์พัฒนา ซ.มิสทิน,28.2,28.7,30,29.8,7,7.1,7.4,7.2,1.4,3.4,2.2,1.3,0,0,0,0,7.3,8.3,5,9.3,45.9,66.8,106.9,50.8,13.5,23.1,15.4,20.5,5.7,4.8,7.4,12.7,2.4,2.8,3.8,8.5,0.1,0.4,0.2,0.2,2.3,2.4,2.4,2.2,0.6,0.6,0.9,0.8
269,คลองหลุมไผ่,ถ.ลาดปลาเค้า,29.4,29,29.4,29.3,7.1,7,7.3,7.3,0,0.1,0,0,1,0.2,1.5,3.3,18.1,16.1,19.4,19.6,81.8,59.3,62.9,76.3,28.9,12.1,10.3,12.6,7.2,8.1,11.8,13.9,4.8,6.2,9.8,9.4,0.1,0.3,0.3,0,2.9,2,2,3,0.8,0.9,1.1,1.1
270,คลองหลุมไผ่,ซ.ลาดปลาเค้า 47,29.4,29,29.4,29.3,7.1,7,7.4,7.3,0.2,0,0,0,1.4,0.5,0.7,2,18.2,21.1,17.1,20,102.4,63.6,90.1,80.8,17.6,12.2,12.3,14.1,9.9,8.9,16.2,18.1,5.1,5.9,10.1,13.6,0,0.2,0.3,0,3,2.2,2.2,2.9,0.8,1,1.2,1.2
271,คลองห้วยขวาง,ชุมชนห้วยขวาง,28.9,29,29.5,29.5,7.1,7,7.3,7,0.6,0,0.5,0.1,0.7,0.5,0.5,3.6,17.1,20.6,19.3,41.3,76.1,67.8,145.1,115.8,15.3,17.9,21.3,21.3,10.4,9,14.7,20.2,7,6.8,10,16.5,0,0.2,0.3,0.1,2.3,2,1.9,2.3,0.6,1.1,1.1,1.3
272,คลองห้วยขวาง,ถ.สุทธิสารวินิจฉัย,28.9,29,29.5,29.5,7.1,7,7.2,7.1,0.3,0.2,0,0.1,0.7,0.2,0.7,3.2,16.8,14.5,28.8,47.2,61.7,53.6,129,130.3,15.1,15.4,15,21.1,10.6,8.9,15,26.5,7,5.2,12.9,20.1,0,0.2,0.1,0.1,2.2,1.9,2,2.4,0.7,1,1.3,1.4
273,คลองห้วยขวาง,ถ.รัชดาภิเษก,28.9,29,29.5,29.5,7.1,7,7.3,7.1,0.3,0,0,0,0.9,0.4,0.7,2.5,16.4,20.6,24.8,36.6,64.2,66,112.5,128.7,13,22.8,21.4,22.4,10.6,9.9,15.7,17.1,5.8,6.6,14,14.3,0,0.2,0.1,0.1,2.3,2.1,2.1,2.3,0.7,1.1,1.3,1.2
274,คลองห้วยขวาง,ถ.วัฒนธรรม ใกล้สถานทูตเกาหลี,28.9,29,29.5,29.6,7.1,7,7.3,7.1,0.3,0,0,0,0.6,0.3,0.6,2.6,15.1,16.2,27.3,35.5,57.3,58.8,133.1,120.9,11.6,19.3,13.9,18.4,8.3,8.8,14.5,17.8,5.2,6.1,12.1,14.3,0,0.2,0,0.1,2.2,2,1.9,2.3,0.7,1,1.2,1.2
275,คลองหวังโต,ถ.มิตรไมตรี ชุมชนหนองจอก,30.8,29.3,29.1,29.3,7,6.8,7.3,7,2.6,2.3,2.8,1.5,0,0,0,0,3.8,2.9,3.4,4.3,37.3,45.6,77.8,35.1,22.8,53.1,38.6,16.1,2.9,3.4,4.8,3.8,0.8,0.6,1.6,0.9,0.1,0.2,0.2,0.2,2.2,2.3,2.1,2.3,0.2,0.2,0.3,0.2
276,คลองหัวตะเข้,ถ.ลาดกระบัง ใกล้ ซ.17,28.8,28.8,29.5,30.1,6.9,6.8,7.3,7.1,1.4,1.5,1.4,1.8,0.1,0,0.7,0.1,6.2,5.8,22.5,8.4,32,51.5,135.8,59.8,20.3,29,14.4,22.4,3.3,4.8,10.4,8.2,1.2,1.2,8,4.7,0.2,0.5,0.3,0.2,2.4,2.2,2.8,2.3,0.4,0.3,0.9,0.7
277,คลองหัวลำโพง,หน้าเขตคลองเตย,28.8,29.1,29.4,29.6,7,6.8,7.3,7.2,0,0,0,0,0.2,0.3,1.3,0.9,25.3,52.5,35.6,31,104.1,142.6,275.4,89.8,22.3,28.9,61.1,17.2,15.7,15.1,17.6,14.6,11.6,10.6,14,11.9,0,0,0.1,0,2.7,2.4,2.2,2.2,0.9,1.4,1.5,1.4
278,คลองหัวหมาก,ถ.อ่อนนุช,28.8,29.2,29.6,29.5,7.1,7.4,7.7,7.4,1.9,4,4.4,1.8,0,0,0.1,0.1,7.8,8.8,10.4,10.9,46.5,78.3,140.5,74.8,15.8,12.8,19,26,4.7,7.4,10,9.2,2.7,3.2,8,6.8,0.1,0.2,0.3,0.2,2.4,2.5,3.6,2.4,0.6,0.7,1.2,1
279,คลองออเงิน,ตัด ถ.สุขาภิบาล 5,29.5,28.8,29.3,29.9,6.8,6.9,7.2,7.1,0.1,2.8,1.3,0.3,2.7,0,0.4,0.5,22.4,10.8,13.4,10.2,64.3,75.9,100.4,54.8,19.2,22.6,13.1,15.7,7.7,6.4,10.8,10.6,3.3,3.3,8.1,8.4,0.1,0.4,0.2,0.1,3,2.4,2.4,2.2,0.7,0.7,0.9,0.8
280,คลองออเงิน,หมู่บ้านมายด์เพลส,29.5,28.8,29.3,29.8,6.8,6.9,7.2,7.1,0.2,2.6,1.3,0.4,1.1,0,0.1,0.5,7.6,7.8,7.6,9.2,42.6,61.6,112.3,58.8,23.5,18.1,11.9,11.5,7.4,4.8,10.7,9.4,2.4,2.5,6.4,6.7,0.2,0.4,0.3,0.2,2.3,2.2,2.3,2.3,0.6,0.5,0.8,0.8
281,คลองออเงิน,โรงเรียนศิริวัฒน์วิทยา,29.5,28.8,29.3,30,6.9,6.8,7.2,7.2,0.3,2.2,1,3.4,0.7,0,0.9,0,7.4,7.8,9.9,4.3,40.5,73.5,85.3,34.6,11.5,20.6,25.6,31.4,7.3,4.4,10.5,3.7,2.5,2.7,8.3,0.6,0.2,0.4,0.2,0.1,2.2,2.2,2.3,2.5,0.5,0.4,0.9,0.2
282,คลองอ้อมนนท์,ท่าน้ำวัดโตนด,28.8,28.6,29,30,7,7,7.5,7.2,2.6,3,2.8,3.2,0,0,0,0,3.2,3.3,4.4,4.2,33.6,25.8,85.9,32.6,22.7,28.6,26.5,25.8,2.4,2.4,2.8,3.2,0.3,0.1,0.6,0.7,0.1,0.2,0.2,0.2,2.1,1.8,3.2,2.3,0.2,0.1,0.3,0.3
283,คลองอ้อมนนท์,ท่าน้ำวัดประชารังสรรค์,28.8,28.6,29,29.6,7.1,7,7.5,7.1,2.5,3.2,2.8,0,0,0,0,2.3,3.4,3.5,3.7,28.4,28.5,29.6,102.5,92.8,24.4,27.4,34.9,25.8,2.3,2.6,4.4,12.5,0.3,0.2,0.6,10.4,0.1,0.2,0.3,0.1,2.1,2.1,3.1,1.9,0.2,0.1,0.3,1.3
284,คลองอู่ตะเภา,ถ.สุวินทวงศ์ บ.มีนบุรีวิศวกรรมโยธา,29.4,29.1,29.1,0,6.8,6.9,7.2,0,1.3,3.1,3,0,0,0,0.1,0,4.6,5.4,4,0,58.4,51.5,170.1,0,18.5,30.5,21,0,3.7,2.5,4.3,0,0.9,0.6,1,0,0.1,0.2,0.3,0,2.5,2.3,2.3,0,0.2,0.2,0.3,0
285,คลองอู่ตะเภา,โรงสูบน้ำพระราม 4,28.8,29.1,29.4,29.8,7,6.9,7.4,7.2,0.2,0.1,0.2,1.4,0.2,0.2,0.4,0.4,18.1,23.5,16.6,10.6,69.9,91.3,94.8,65.2,21.3,24.8,21.3,14.8,9.3,9.5,11.8,10.6,6.5,5.7,8.5,8.1,0.1,0.1,0.2,0.2,1.9,2.1,2.3,2.4,0.8,1.1,1.2,0.8
286,คลองคูเมืองเดิม,สะพานหน้ากระทรวงมหาดไทย,0,0,0,29.3,0,0,0,7.3,0,0,0,3.2,0,0,0,0,0,0,0,5.9,0,0,0,45.3,0,0,0,15.3,0,0,0,4,0,0,0,1.5,0,0,0,0.4,0,0,0,2.4,0,0,0,0.4
287,คลองจรเข้,ถ.วัชรพล (ใต้ทางด่วน),0,0,0,29.9,0,0,0,7.1,0,0,0,0,0,0,0,1.3,0,0,0,33.6,0,0,0,99.1,0,0,0,21.8,0,0,0,20.2,0,0,0,17.6,0,0,0,0.1,0,0,0,2.6,0,0,0,1.3
288,คลองต้นสน,ซ.ต้นสน หน้าโรงเรียนนานาชาติมัลเบอรี่เฮาส์,0,0,0,29.4,0,0,0,7.2,0,0,0,0.5,0,0,0,0.6,0,0,0,34.5,0,0,0,153.4,0,0,0,60.8,0,0,0,19.5,0,0,0,16.1,0,0,0,0.1,0,0,0,2,0,0,0,1.3
289,คลองต้นสน,ซ.ต้นสน ข้างสถานทูตเนเธอร์แลนด์,0,0,0,29.4,0,0,0,7.3,0,0,0,0.4,0,0,0,0.6,0,0,0,23,0,0,0,115.3,0,0,0,52,0,0,0,15.8,0,0,0,13.3,0,0,0,0.2,0,0,0,2.8,0,0,0,1.1
290,คลองพลับพลา,สถานีสูบน้ำคลองพลับพลา,0,0,0,29.7,0,0,0,7.4,0,0,0,1.2,0,0,0,0.2,0,0,0,6.8,0,0,0,51.8,0,0,0,13.4,0,0,0,11.4,0,0,0,9.7,0,0,0,0.2,0,0,0,2,0,0,0,1
291,คลองพลับพลา,ประตูคลินิกศูนย์แพทย์พัฒนา ถ.ประดิษฐ์มนูธรรม,0,0,0,29.6,0,0,0,7.4,0,0,0,0.8,0,0,0,0,0,0,0,7.5,0,0,0,50.5,0,0,0,13.3,0,0,0,12.6,0,0,0,10.5,0,0,0,0.2,0,0,0,2,0,0,0,1
292,คลองพลับพลา,หน้าลานจอดรถคลินิกศูนย์แพทย์พัฒนา,0,0,0,29.7,0,0,0,7.4,0,0,0,1,0,0,0,0.1,0,0,0,9.8,0,0,0,54.6,0,0,0,18.7,0,0,0,12.6,0,0,0,10.5,0,0,0,0.2,0,0,0,2.1,0,0,0,1
293,คลองพลับพลา,หลังหมู่บ้านพลับพลา ฝั่ง สน.วังทองหลาง,0,0,0,29.7,0,0,0,7.4,0,0,0,1.5,0,0,0,0,0,0,0,13.1,0,0,0,60.3,0,0,0,17.2,0,0,0,12.1,0,0,0,8.4,0,0,0,0.2,0,0,0,2.3,0,0,0,1.1
294,คลองพลับพลา,ลำธารคลองพลับพลา หลัง สน.วังทองหลาง,0,0,0,29.7,0,0,0,7.4,0,0,0,2.1,0,0,0,0.2,0,0,0,12,0,0,0,56,0,0,0,14.3,0,0,0,11.9,0,0,0,8.4,0,0,0,0.2,0,0,0,2.6,0,0,0,0.9
295,คลองพลับพลา,หลังป้อมตำรวจ ตรงข้ามคลินิกศูนย์แพทย์พัฒนา,0,0,0,29.7,0,0,0,7.4,0,0,0,0.7,0,0,0,0.3,0,0,0,7.3,0,0,0,51.3,0,0,0,13.1,0,0,0,14.7,0,0,0,11.6,0,0,0,0.2,0,0,0,2.2,0,0,0,1
296,คลองลาดพร้าว,สน.วังทองหลาง,0,0,0,29.7,0,0,0,7.3,0,0,0,0.2,0,0,0,0.9,0,0,0,11.4,0,0,0,56.6,0,0,0,21.7,0,0,0,10.9,0,0,0,8.5,0,0,0,0.1,0,0,0,2.1,0,0,0,1
297,คลองลำต้นไทร,ถ.สุวินทวงศ์ ก่อน กฟผ.สุวินทวงศ์,0,0,0,29.8,0,0,0,7.2,0,0,0,4.6,0,0,0,0,0,0,0,9,0,0,0,78.8,0,0,0,29.4,0,0,0,8.2,0,0,0,3.5,0,0,0,0.3,0,0,0,2.8,0,0,0,1.2
298,คลองสมคิด,ซ.สมคิด ข้างลานจอดรถเซ็นทรัลชิดลม,0,0,0,29.4,0,0,0,7.3,0,0,0,0.3,0,0,0,0.5,0,0,0,26.7,0,0,0,87.2,0,0,0,22.9,0,0,0,16.8,0,0,0,13.5,0,0,0,0.2,0,0,0,2.3,0,0,0,1.4
299,คลองสมคิด,ซ.สมคิด ก่อนโรงแรมปาร์คนายเลิศ,0,0,0,29.4,0,0,0,7.3,0,0,0,0.7,0,0,0,0.3,0,0,0,21.1,0,0,0,77.8,0,0,0,22.7,0,0,0,18.6,0,0,0,11.7,0,0,0,0.2,0,0,0,2.4,0,0,0,1.4
300,คลองสามวา,ประตูระบายน้ำหทัยราษฎร์,0,0,0,29.7,0,0,0,7.1,0,0,0,2,0,0,0,0,0,0,0,4.3,0,0,0,42.8,0,0,0,20.2,0,0,0,6.9,0,0,0,4.4,0,0,0,0.1,0,0,0,2,0,0,0,0.4
301,คลองสามวา,สุเหร่าคลองสามวา,0,0,0,29.7,0,0,0,7.2,0,0,0,2.4,0,0,0,0,0,0,0,4.6,0,0,0,42,0,0,0,21,0,0,0,7,0,0,0,4.3,0,0,0,0.1,0,0,0,1.9,0,0,0,0.4
302,คลองสี่,ถ.สุวินทวงศ์ เลย บจก.แสงสหมิตร สตีลกรุ๊ป,0,0,0,29.8,0,0,0,7.1,0,0,0,2.3,0,0,0,0.1,0,0,0,5,0,0,0,40.9,0,0,0,18.8,0,0,0,5.5,0,0,0,2.4,0,0,0,0.1,0,0,0,2.1,0,0,0,0.4
303,คลองหัวกระบือ,วัดหัวกระบือ,0,0,0,29.8,0,0,0,7.4,0,0,0,2.4,0,0,0,0,0,0,0,10.2,0,0,0,57.3,0,0,0,19.6,0,0,0,2.8,0,0,0,1.1,0,0,0,0.1,0,0,0,0.4,0,0,0,1.6