dcode,dname,AREA,population,num_male,num_female,num_school,num_hos,num_comm,num_temple,num_health,canal_count,flood_point_count,floodgate_count,pump_number,pump_ready,total_ready,จำนวนจุดเสี่ยง,จำนวนจุดเฝ้าระวังน้ำท่วม,year,total_rain,max_daily_rain,avg_daily_rain,heavy_rain_days,total_storm_days,max_storm_intensity
1025,เขตบางพลัด,11804564.0,99153,45904,53249,11,0,46,23,1,50,0,0,8,5,7,2,0,2023,1268.5,70.0,3.533426183844011,1,265,4
1025,เขตบางพลัด,11804564.0,99153,45904,53249,11,0,46,23,1,50,0,0,8,5,7,2,0,2024,431.0,58.5,2.9930555555555554,0,114,4
1017,เขตห้วยขวาง,16319268.0,78207,35884,42323,3,0,25,3,2,13,0,2,10,10,10,2,3,2023,1580.0,87.5,4.401114206128134,4,265,4
1017,เขตห้วยขวาง,16319268.0,78207,35884,42323,3,0,25,3,2,13,0,2,10,10,10,2,3,2024,646.5,89.0,4.489583333333333,2,114,4
1045,เขตวังทองหลาง,17075578.0,114748,52758,61990,3,0,19,1,0,17,0,1,13,13,13,5,5,2023,1482.0,107.0,4.128133704735376,4,265,4
1045,เขตวังทองหลาง,17075578.0,114748,52758,61990,3,0,19,1,0,17,0,1,13,13,13,5,5,2024,642.5,89.5,4.461805555555555,1,114,4
1048,เขตทวีวัฒนา,51732144.0,76274,35487,40787,7,0,16,3,1,23,0,7,10,10,10,0,6,2023,1560.5,71.0,4.346796657381615,1,265,4
1048,เขตทวีวัฒนา,51732144.0,76274,35487,40787,7,0,16,3,1,23,0,7,10,10,10,0,6,2024,783.5,68.5,5.440972222222222,2,114,4
1011,เขตลาดกระบัง,128628048.0,163317,78158,85159,20,1,63,13,2,55,0,1,36,31,36,2,3,2023,1622.5,115.5,4.5194986072423395,6,265,4
1011,เขตลาดกระบัง,128628048.0,163317,78158,85159,20,1,63,13,2,55,0,1,36,31,36,2,3,2024,755.0,70.0,5.243055555555555,1,114,4
1026,เขตดินแดง,8465891.0,130202,60811,69391,3,0,22,2,2,10,0,1,2,2,2,2,2,2023,1600.0,67.0,4.456824512534819,2,265,4
1026,เขตดินแดง,8465891.0,130202,60811,69391,3,0,22,2,2,10,0,1,2,2,2,2,2,2024,542.0,69.5,3.763888888888889,1,114,4
1019,เขตตลิ่งชัน,35767720.0,106532,50263,56269,16,0,44,30,1,27,1,2,26,25,25,2,2,2023,1962.0,108.0,5.465181058495822,5,265,4
1019,เขตตลิ่งชัน,35767720.0,106532,50263,56269,16,0,44,30,1,27,1,2,26,25,25,2,2,2024,552.5,53.0,3.8368055555555554,0,114,4
1002,เขตดุสิต,11329900.0,107969,57582,50387,9,1,47,17,2,20,2,1,10,9,10,1,10,2023,1667.5,74.5,4.644846796657381,4,265,4
1002,เขตดุสิต,11329900.0,107969,57582,50387,9,1,47,17,2,20,2,1,10,9,10,1,10,2024,478.5,58.5,3.3229166666666665,0,114,4
1044,เขตสะพานสูง,28068656.0,89895,41610,48285,6,0,30,1,1,24,0,0,30,21,26,3,0,2023,1585.5,95.5,4.4164345403899725,5,265,4
1044,เขตสะพานสูง,28068656.0,89895,41610,48285,6,0,30,1,1,24,0,0,30,21,26,3,0,2024,572.0,66.0,3.9722222222222223,1,114,4
1014,เขตพญาไท,9214668.0,73084,36433,36651,1,0,29,1,2,5,1,0,7,7,7,0,3,2023,2048.5,88.0,5.706128133704736,5,265,4
1014,เขตพญาไท,9214668.0,73084,36433,36651,1,0,29,1,2,5,1,0,7,7,7,0,3,2024,548.5,64.0,3.8090277777777777,1,114,4
1020,เขตบางกอกน้อย,12323945.0,117950,55984,61966,15,0,43,32,1,40,0,2,3,1,3,0,1,2023,1619.5,104.5,4.511142061281337,4,265,4
1020,เขตบางกอกน้อย,12323945.0,117950,55984,61966,15,0,43,32,1,40,0,2,3,1,3,0,1,2024,549.5,53.0,3.8159722222222223,0,114,4
1037,เขตราชเทวี,7167652.0,73280,35190,38090,4,0,25,4,1,7,1,0,1,0,1,2,5,2023,1888.5,96.5,5.2604456824512535,5,265,4
1037,เขตราชเทวี,7167652.0,73280,35190,38090,4,0,25,4,1,7,1,0,1,0,1,2,5,2024,589.5,59.5,4.09375,0,114,4
1001,เขตพระนคร,5361067.0,57831,27809,30022,11,0,21,23,2,12,1,0,4,2,4,0,1,2023,1763.5,124.0,4.912256267409471,5,265,4
1001,เขตพระนคร,5361067.0,57831,27809,30022,11,0,21,23,2,12,1,0,4,2,4,0,1,2024,625.5,79.0,4.34375,1,114,4
1008,เขตป้อมปราบศัตรูพ่าย,2504113.0,50930,24786,26144,4,1,15,11,1,8,0,0,2,2,2,0,0,2023,1402.0,100.5,3.905292479108635,3,265,4
1008,เขตป้อมปราบศัตรูพ่าย,2504113.0,50930,24786,26144,4,1,15,11,1,8,0,0,2,2,2,0,0,2024,437.5,60.5,3.0381944444444446,1,114,4
1007,เขตปทุมวัน,8032768.0,53912,24883,29029,8,0,17,6,2,13,1,1,1,0,1,0,1,2023,1599.5,100.0,4.455431754874652,5,265,4
1007,เขตปทุมวัน,8032768.0,53912,24883,29029,8,0,17,6,2,13,1,1,1,0,1,0,1,2024,517.5,57.5,3.59375,0,114,4
1040,เขตบางแค,47890656.0,191781,89905,101876,12,1,48,5,1,121,1,0,18,15,18,6,7,2023,1679.0,89.5,4.676880222841226,3,265,4
1040,เขตบางแค,47890656.0,191781,89905,101876,12,1,48,5,1,121,1,0,18,15,18,6,7,2024,863.5,76.0,5.996527777777778,3,114,4
1034,เขตสวนหลวง,24113560.0,115731,53828,61903,8,0,46,8,2,43,2,2,18,16,18,7,0,2023,1246.5,95.5,3.4721448467966574,3,265,4
1034,เขตสวนหลวง,24113560.0,115731,53828,61903,8,0,46,8,2,43,2,2,18,16,18,7,0,2024,499.0,89.5,3.4652777777777777,1,114,4
1039,เขตวัฒนา,12996544.0,81755,38567,43188,8,0,17,2,1,17,0,0,4,4,4,1,14,2023,1401.0,95.0,3.902506963788301,4,265,4
1039,เขตวัฒนา,12996544.0,81755,38567,43188,8,0,17,2,1,17,0,0,4,4,4,1,14,2024,564.0,80.0,3.9166666666666665,1,114,4
1016,เขตบางกอกใหญ่,6298272.0,72241,34182,38059,6,0,34,13,1,46,0,2,15,11,15,0,4,2023,1409.5,82.5,3.926183844011142,4,265,4
1016,เขตบางกอกใหญ่,6298272.0,72241,34182,38059,6,0,34,13,1,46,0,2,15,11,15,0,4,2024,493.0,49.0,3.423611111111111,0,114,4
1022,เขตภาษีเจริญ,19182494.0,129800,61178,68622,13,0,54,27,2,144,0,0,15,14,15,7,0,2023,1867.5,108.0,5.201949860724234,4,265,4
1022,เขตภาษีเจริญ,19182494.0,129800,61178,68622,13,0,54,27,2,144,0,0,15,14,15,7,0,2024,740.0,71.0,5.138888888888889,1,114,4
1013,เขตสัมพันธวงศ์,1392972.75,27426,13317,14109,3,0,19,13,1,0,0,0,2,2,2,3,2,2023,1406.0,75.0,3.916434540389972,1,265,4
1013,เขตสัมพันธวงศ์,1392972.75,27426,13317,14109,3,0,19,13,1,0,0,0,2,2,2,3,2,2024,460.5,66.5,3.1979166666666665,1,114,4
1033,เขตคลองเตย,13240401.0,109001,52428,56573,4,0,41,3,2,10,0,0,30,28,28,0,13,2023,1909.0,140.5,5.3175487465181055,5,265,4
1033,เขตคลองเตย,13240401.0,109001,52428,56573,4,0,41,3,2,10,0,0,30,28,28,0,13,2024,712.5,96.0,4.947916666666667,2,114,4
1015,เขตธนบุรี,8461864.0,119643,56676,62967,17,0,44,25,3,66,0,4,18,13,18,0,3,2023,1329.0,61.0,3.701949860724234,1,265,4
1015,เขตธนบุรี,8461864.0,119643,56676,62967,17,0,44,25,3,66,0,4,18,13,18,0,3,2024,580.5,78.5,4.03125,1,114,4
1018,เขตคลองสาน,5965976.0,76353,35832,40521,8,1,44,8,1,33,0,7,14,8,10,0,2,2023,1550.0,66.0,4.3175487465181055,3,265,4
1018,เขตคลองสาน,5965976.0,76353,35832,40521,8,1,44,8,1,33,0,7,14,8,10,0,2,2024,528.0,59.5,3.6666666666666665,0,114,4
1032,เขตประเวศ,53728764.0,160816,76182,84634,16,0,42,6,1,29,0,2,18,18,18,8,3,2023,1437.0,111.5,4.002785515320334,2,265,4
1032,เขตประเวศ,53728764.0,160816,76182,84634,16,0,42,6,1,29,0,2,18,18,18,8,3,2024,628.5,87.0,4.364583333333333,2,114,4
1004,เขตบางรัก,4012576.0,46112,21788,24324,5,0,16,5,1,10,0,0,8,8,8,0,1,2023,1515.5,67.5,4.221448467966574,2,265,4
1004,เขตบางรัก,4012576.0,46112,21788,24324,5,0,16,5,1,10,0,0,8,8,8,0,1,2024,532.5,70.5,3.6979166666666665,1,114,4
1023,เขตหนองแขม,36201384.0,150285,70457,79828,6,1,71,7,1,15,0,0,7,6,7,0,5,2023,1104.5,67.5,3.0766016713091924,2,265,4
1023,เขตหนองแขม,36201384.0,150285,70457,79828,6,1,71,7,1,15,0,0,7,6,7,0,5,2024,461.0,43.0,3.201388888888889,0,114,4
1028,เขตสาทร,7259143.0,85048,40560,44488,2,0,25,3,1,14,1,0,4,4,4,1,10,2023,1513.0,86.0,4.2144846796657385,3,265,4
1028,เขตสาทร,7259143.0,85048,40560,44488,2,0,25,3,1,14,1,0,4,4,4,1,10,2024,501.5,66.5,3.482638888888889,1,114,4
1012,เขตยานนาวา,12504782.0,81529,38959,42570,6,0,20,9,2,22,0,0,1,1,1,1,1,2023,1514.5,81.0,4.218662952646239,4,265,4
1012,เขตยานนาวา,12504782.0,81529,38959,42570,6,0,20,9,2,22,0,0,1,1,1,1,1,2024,518.5,46.5,3.6006944444444446,0,114,4
1035,เขตจอมทอง,23167158.0,157970,75840,82130,11,0,53,16,1,52,0,1,12,12,12,1,1,2023,1360.0,92.5,3.788300835654596,1,265,4
1035,เขตจอมทอง,23167158.0,157970,75840,82130,11,0,53,16,1,52,0,1,12,12,12,1,1,2024,618.0,61.0,4.291666666666667,1,114,4
1031,เขตบางคอแหลม,8312167.0,94877,45548,49329,7,1,29,11,3,41,0,8,1,0,1,3,3,2023,1455.5,92.5,4.054317548746518,2,265,4
1031,เขตบางคอแหลม,8312167.0,94877,45548,49329,7,1,29,11,3,41,0,8,1,0,1,3,3,2024,465.5,49.5,3.232638888888889,0,114,4
1009,เขตพระโขนง,13578695.0,93461,43142,50319,4,0,45,4,2,31,0,0,8,6,4,1,3,2023,1784.5,156.5,4.97075208913649,6,265,4
1009,เขตพระโขนง,13578695.0,93461,43142,50319,4,0,45,4,2,31,0,0,8,6,4,1,3,2024,584.0,111.5,4.055555555555555,1,114,4
1024,เขตราษฏร์บูรณะ,12333130.0,86643,41663,44980,6,0,28,7,2,27,0,1,14,14,14,1,1,2023,1306.0,92.5,3.637883008356546,2,265,4
1024,เขตราษฏร์บูรณะ,12333130.0,86643,41663,44980,6,0,28,7,2,27,0,1,14,14,14,1,1,2024,517.5,57.0,3.59375,0,114,4
1050,เขตบางบอน,35857236.0,105161,50478,54683,9,0,12,3,1,22,1,0,19,18,19,2,4,2023,1147.5,79.5,3.1963788300835656,2,265,4
1050,เขตบางบอน,35857236.0,105161,50478,54683,9,0,12,3,1,22,1,0,19,18,19,2,4,2024,505.0,72.5,3.5069444444444446,1,114,4
1047,เขตบางนา,18947526.0,95855,45248,50607,7,0,39,4,1,7,0,0,9,9,9,0,16,2023,1796.5,177.0,5.004178272980502,5,265,4
1047,เขตบางนา,18947526.0,95855,45248,50607,7,0,39,4,1,7,0,0,9,9,9,0,16,2024,701.0,73.5,4.868055555555555,3,114,4
1021,เขตบางขุนเทียน,122207808.0,165693,78811,86882,16,0,49,15,1,118,1,12,19,19,19,6,5,2023,1616.0,123.0,4.5013927576601676,1,265,4
1021,เขตบางขุนเทียน,122207808.0,165693,78811,86882,16,0,49,15,1,118,1,12,19,19,19,6,5,2024,631.0,59.0,4.381944444444445,0,114,4
1036,เขตดอนเมือง,36691444.0,166635,83065,83570,6,0,92,8,1,13,1,1,14,12,14,1,1,2023,820.5,42.0,2.285515320334262,0,265,4
1036,เขตดอนเมือง,36691444.0,166635,83065,83570,6,0,92,8,1,13,1,1,14,12,14,1,1,2024,312.0,33.5,2.1666666666666665,0,114,4
1003,เขตหนองจอก,240448192.0,157224,76681,80543,37,1,92,17,1,98,0,4,13,7,12,15,1,2023,2564.0,97.5,7.142061281337047,5,265,4
1003,เขตหนองจอก,240448192.0,157224,76681,80543,37,1,92,17,1,98,0,4,13,7,12,15,1,2024,1228.0,90.5,8.527777777777779,5,114,4
1042,เขตสายไหม,43612880.0,188163,88764,99399,9,0,71,8,1,30,0,3,16,15,16,14,1,2023,1868.0,89.0,5.203342618384401,4,265,4
1042,เขตสายไหม,43612880.0,188163,88764,99399,9,0,71,8,1,30,0,3,16,15,16,14,1,2024,867.0,127.5,6.020833333333333,3,114,4
1046,เขตคลองสามวา,120176920.0,169729,80701,89028,18,0,81,10,1,77,0,5,20,12,20,8,4,2023,1705.5,77.0,4.750696378830083,4,265,4
1046,เขตคลองสามวา,120176920.0,169729,80701,89028,18,0,81,10,1,77,0,5,20,12,20,8,4,2024,697.5,60.5,4.84375,1,114,4
1041,เขตหลักสี่,22669208.0,109858,52596,57262,6,0,78,1,1,16,1,0,15,5,13,1,5,2023,1465.5,93.5,4.082172701949861,3,265,4
1041,เขตหลักสี่,22669208.0,109858,52596,57262,6,0,78,1,1,16,1,0,15,5,13,1,5,2024,570.0,63.0,3.9583333333333335,1,114,4
1005,เขตบางเขน,40959096.0,189687,90854,98833,5,0,75,4,0,37,0,0,19,16,19,3,10,2023,1096.0,84.0,3.052924791086351,2,265,4
1005,เขตบางเขน,40959096.0,189687,90854,98833,5,0,75,4,0,37,0,0,19,16,19,3,10,2024,427.0,62.5,2.9652777777777777,1,114,4
1030,เขตจตุจักร,32656716.0,160853,75637,85216,7,0,41,2,1,14,1,0,15,15,15,4,5,2023,1839.5,94.5,5.123955431754875,4,265,4
1030,เขตจตุจักร,32656716.0,160853,75637,85216,7,0,41,2,1,14,1,0,15,15,15,4,5,2024,708.5,87.5,4.920138888888889,3,114,4
1043,เขตคันนายาว,25380514.0,88471,41238,47233,2,0,41,2,0,32,0,2,16,10,15,3,2,2023,961.0,69.0,2.6768802228412256,2,265,4
1043,เขตคันนายาว,25380514.0,88471,41238,47233,2,0,41,2,0,32,0,2,16,10,15,3,2,2024,458.0,50.0,3.1805555555555554,0,114,4
1010,เขตมีนบุรี,61120416.0,137295,65039,72256,13,0,62,6,1,34,1,2,31,16,31,2,3,2023,1723.5,62.5,4.8008356545961,1,265,4
1010,เขตมีนบุรี,61120416.0,137295,65039,72256,13,0,62,6,1,34,1,2,31,16,31,2,3,2024,804.5,84.0,5.586805555555555,1,114,4
1038,เขตลาดพร้าว,21266434.0,122152,55721,66431,6,0,34,4,1,12,0,0,23,23,23,7,13,2023,857.5,63.0,2.3885793871866294,1,265,4
1038,เขตลาดพร้าว,21266434.0,122152,55721,66431,6,0,34,4,1,12,0,0,23,23,23,7,13,2024,309.0,47.5,2.1458333333333335,0,114,4
1029,เขตบางซื่อ,12885789.0,132169,62623,69546,7,0,49,9,2,30,0,2,13,9,13,10,1,2023,1850.0,75.5,5.153203342618385,5,265,4
1029,เขตบางซื่อ,12885789.0,132169,62623,69546,7,0,49,9,2,30,0,2,13,9,13,10,1,2024,513.5,67.0,3.5659722222222223,1,114,4
1027,เขตบึงกุ่ม,23404956.0,145795,67066,78729,8,0,38,5,1,20,0,1,16,15,15,4,4,2023,972.5,62.5,2.7089136490250696,2,265,4
1027,เขตบึงกุ่ม,23404956.0,145795,67066,78729,8,0,38,5,1,20,0,1,16,15,15,4,4,2024,429.5,38.5,2.982638888888889,0,114,4
1006,เขตบางกะปิ,27587404.0,148491,67729,80762,11,0,28,5,1,34,2,0,20,17,20,7,4,2023,1266.5,86.5,3.5278551532033426,3,265,4
1006,เขตบางกะปิ,27587404.0,148491,67729,80762,11,0,28,5,1,34,2,0,20,17,20,7,4,2024,433.0,53.5,3.0069444444444446,0,114,4
1049,เขตทุ่งครุ,32950616.0,116523,54909,61614,8,0,30,4,2,43,1,0,19,19,19,5,5,2023,1287.5,78.0,3.586350974930362,2,265,4
1049,เขตทุ่งครุ,32950616.0,116523,54909,61614,8,0,30,4,2,43,1,0,19,19,19,5,5,2024,605.0,73.5,4.201388888888889,1,114,4
