floodgate_id,name,dcode,location_details,type_gate,num_gate,size,location
54,ประตูระบายน้ำกรมสรรพาวุธ,1002,ถ.เตชะวิช ติดคลองเปรมประชากรหน้ากรมสรรพาวุธ,01,1,กว้าง4.1 ม.*สูง4.0ม.,POINT (100.53209429624789 13.797723456504684)
55,ประตูระบายน้ำตลาดบางซื่อ,1029,ถ. เตชะวนิช ติดคลองเปรมประชากรหน้าตลาดบางซื่อ,01,1,กว้าง4.1ม.*สูง4.0ม.,POINT (100.53336790520403 13.800096864121802)
77,ประตูระบายน้ำคลองตาอูฐ ตอนคลองเปรมประชากร,1036,คลองเปรมประชากร,05,1,กว้าง6.3ม.*สูง4.0ม.,POINT (100.58758551622948 13.899384050334943)
62,ประตูระบายน้ำอินทาระ35,1026,ถ.สุทธิสาร อินทามระ 35 ติดคลองบางซื่อ,-,1,กว้าง6.0*สูง1.5ม.,POINT (100.56407589339621 13.794761690946697)
63,ประตูระบายน้ำท่าซุง,1029,ใกล้สะพานพระราม6 ติดแม่น้ำเจ้าพระยา,05,1,กว้าง6.0*สูง5.5ม.,POINT (100.5181611282313 13.812097831138207)
12,ประตูระบายน้ำคลองลำกระโดง9 (คลองตาเหล็ก),1031,ถนนพระราม3,02,1,กว้าง4.0ม.*สูง4.0ม.,POINT (100.5166944863196 13.686786067163602)
5,ประตูระบายน้ำคลองบางโคล่ใหญ่,1031,ถนนพระราม3,02,1,กว้าง4.0ม*สูง4.0ม.,POINT (100.51198969673725 13.688984647929171)
13,ประตูระบายน้ำคลองบางโคล่,1031,ถนนพระราม3,02,1,กว้าง4.0ม.*สูง4.0ม.,POINT (100.51433748048218 13.688402893082497)
14,ประตูระบายน้ำคลองบางโคล่น้อย,1031,ถนนพระราม3,02,1,กว้าง4.0ม.*สูง4.0ม.,POINT (100.5053033615945 13.68967150085106)
2,ประตูระบายน้ำคลองวัดจันทร์นอก,1031,ถนนพระราม3,02,1,กว้าง4.0ม.*สูง4.0ม.,POINT (100.50206838113942 13.69145771775121)
15,ประตูระบายน้ำคลองบางคอแหลม,1031,ถนนพระราม3,02,1,กว้าง4.0ม.*สูง4.0ม.,POINT (100.49871026949786 13.693861742197008)
16,ประตูระบายน้ำคลองถนนตก,1031,ถนนพระราม3,02,1,กว้าง4.0ม.*สูง4.0ม.,POINT (100.49819777003245 13.694765065765095)
51,ประตูระบายน้ำคลองบ้านใหม่,1031,ถนนเจริญกรุง,02,1,กว้าง4.0ม.*สูง5.0ม.,POINT (100.49264022812041 13.692757368356489)
61,ประตูระบายน้ำแสนแสบเก่า,1007,ริมคลองแสนแสบ ถ.เพชรบุรี,03,2,กว้าง5.0ม.*สูง6.0ม.,POINT (100.5513083095778 13.74836688021107)
53,ประตูระบายน้ำลาดพร้าว56,1017,ซ. ลาดพร้าว 56,03,1,กว้าง4.0ม.*สูง6.30ม.,POINT (100.58932773935281 13.794332165617845)
8,ประตูระบายน้ำบึงลำพังพวย (ตอนนวมินทร์),1027,เขตบึงกุ่ม กรุงเทพมหานคร,04,2,กว้าง4.0ม.*สูง3.1ม.,POINT (100.6481054571879 13.784755336329042)
3,ประตูระบายน้ำคลองสะแก,1034,ข้าง รพ.แพทย์ปัญญา,03,1,กว้าง6.0ม.*สูง3.5ม.,POINT (100.61068356106456 13.742911713426784)
64,ประตุระบายน้ำคลองบางกะปิ,1017,ใกล้วัดอุทัยธาราม ถ.เพชรบุรี,03,1,กว้าง6.0ม.*สูง3.5ม.,POINT (100.57020655272365 13.75125092964579)
1,ประตูระบายน้ำคลงอกะจะ(ตอนถนนศรีนครินทร์),1034,ติดสะพานคลองกะจะ ถ.ศรีนครินทร์,03,1,กว้าง4.0ม.*สูง3.5ม.,POINT (100.63461534361208 13.749759945208293)
57,ประตูระบายน้ำแยกคลองพลับพลาตอนคลองลาดพร้าว,1045,ซอยรามคำแหง 21 ใกล้สถานีตำรวจนครบาลวังทองหลาง,03,1,กว้าง4.26ม.*สูง3.3ม.,POINT (100.59899325024183 13.75659828443974)
69,ประตูระบายน้ำประเวศ (กระทุ่มเสือปลา),1032,ข้างวัดกระทุ่มเสือปลา ถ.อ่อนนุช,03,2,กว้าง6.0ม.*สูง6.0ม.,POINT (100.68779029936803 13.723909252301846)
70,ประตูระบายน้ำบางชัน(ตอนคลองแสนแสบ),1043,ถ.เสรีไทย,03,1,กว้าง6.0ม.*สูง6.0ม.,POINT (100.70521818549278 13.797938189732827)
71,ประตูระบายน้ำพระยาสุเรนทร์(ใต้),1043,ซ.คู้บอน ถ.รามอินทรา,03,1,กว้าง6.0ม.*สูง6.0ม.,POINT (100.66084901104881 13.83967584834697)
17,ประตูระบายน้ำคลองหม้อแตก,1042,คลองหม้อแตกตัด ถ.สายไหม,05,1,กว้าง4.0ม.*สูง4.0ม.,POINT (100.66225175701324 13.92154417786373)
72,ประตูระบายน้ำคลองสองใต้,1042,คลองสองตัด ถ.สายไหม,05,1,กว้าง6.0ม.*สูง6.0ม.,POINT (100.63961480669776 13.931821833262584)
73,ประตูระบายน้ำแสนแสบ (มีนบุรี),1010,ถ.ราษฏร์อุทิศ,05,1,กว้าง6.0ม.*สูง6.0ม.,POINT (100.74739799940063 13.82101674502636)
74,ประตูระบายน้ำลาดกระบัง,1032,ถ.อ่อนนุช,05,1,กว้าง6.0ม.*สูง6.0ม.,POINT (100.74990073586228 13.724153326898854)
18,ประตูระบายน้ำพระยาสุเรนทร์(เหนือ),1042,ใกล้วัดหนองใหญ่ ถ.สายไหม,05,1,กว้าง4.0ม.*สูง4.0ม.,POINT (100.68719865969723 13.921209022068174)
6,ประตูระบายน้ำคลองหนึ่งลำปลาทิว,1003,คลองหนึ่งลำปลาทิว ตัด ถ.อยู่วิทยา,05,1,กว้าง4.0ม*สูง4.0ม.,POINT (100.86990533943118 13.82858113305275)
7,ประตูระบายน้ำคลองหนึ่งตะวันออก,1003,คลองหนึ่งตะวันออก ตัด ถ.นิมิตรใหม่,05,1,กว้าง4.0ม*สูง4.0ม.,POINT (100.7331462409689 13.850573146961347)
19,ประตูระบายน้ำคลองลำปลาทิว,1003,คลองสองลำปลาทิว ตัด ถ.อยู่วิทยา,05,1,กว้าง4.0ม.*สูง4.0ม.,POINT (100.87193200000398 13.815829056353037)
20,ประตูระบายน้ำคลองสองตะวันตก,1046,คลองสองตะวันตก ตัด ถ. หทัยราษฏร์,05,1,กว้าง4.0ม.*สูง4.0ม.,POINT (100.7231108822014 13.864023983163431)
4,ประตูระบายน้ำคลองสามตะวันออก,1046,คลองสามตะวันตกตัด ถ. หทัยราษฏร์,05,1,กว้ง4.0ม.*สูง4.0ม.,POINT (100.72279969928569 13.879554133886806)
21,ประตูระบายน้ำคลองสี่ตะวักตก,1046,คลองสี่ตะวันตก ตัด ถ. หทัยราษฏร์,05,1,กว้าง4.0ม.*สูง4.0ม.,POINT (100.72246360759925 13.895875637656411)
75,ประตูระบายน้ำคลองสามวา,1046,คลองสามวา ตัด ถ. หทัยนฤมิตร,05,1,กว้าง6.0ม.*สูง6.0ม.,POINT (100.72923804411269 13.85956982257463)
22,ประตูระบายน้ำคลองลำเบน,1046,คลองลำเบนตัด ถ. หทัยราษกร์,05,1,กว้าง4.0ม.*สูง4.0ม.,POINT (100.72227580409607 13.906730645392564)
76,ประตูระบายน้ำคลองลำบึงขวาง,1010,คลองลำบึงขวาง ตัด ถ.ร่มเกล้า,05,1,กว้าง6.0ม.*สูง6.0ม.,POINT (100.74475492862517 13.799509405625)
58,ทำนบและประตูระบายน้ำคลองปากคลองลำต้อยติง,1011,คลองหลวงแพ่ง ถ.ร่วมพัฒนา,06,1,กว้าง4.30ม.*สูง3.0ม.,POINT (100.85828911263104 13.727754031564762)
59,ทำนบและประตูระบายน้ำคลองลำตาแฝง,1003,คลองหลวงแพ่ง ถ.ร่วมพัฒนา,03,1,กว้าง4.3ม.*สูง3.0ม.,POINT (100.87251370328039 13.797437465044181)
23,ประตูระบายน้ำวัดอรุณ,1016,ถ.อรุณอัมรินทร์,03,1,กว้าง4.0ม.*สูง4.0ม.,POINT (100.48513721292908 13.747188532317805)
24,ประตูระบายน้ำวัดระฆัง,1016,ถ.อรุณอัมรินทร์,03,1,กว้าง4.0ม.*สูง4.0ม.,POINT (100.48374953098778 13.752132627841581)
56,ประตูระบายน้ำคลองสวัสดิ์,1048,ซ.บรมราชชนี 121 ทางเข้าหมู่บ้านพรรณพฤกษา,03,1,กว้าง4.25ม.*สูง4.1ม.,POINT (100.34683126797111 13.778851296676132)
11,ประตูระบายน้ำคลองวัดนาคปรก,1015,ถ.วุฒากาศ ทางเข้าวัดนาคปรก,03,1,กว้าง4.0ม.*สูง3.75ม.,POINT (100.47088852169549 13.715744097839623)
25,ประตูระบายน้ำคลองวัดเจ้าอาม,1019,ถ.บางขุนนนท์-ตลิ่งชัน เยื้องวัดเจ้าอาม,03,1,กว้าง4.0ม.*สูง4.0ม.,POINT (100.4648247325573 13.7789154215415)
67,ประตูระบายน้ำคลองโพ,1048,ถ.พุทธมณฑลสาย2,03,1,กว้าง6.0ม.*สูง4.5ม.,POINT (100.39483416750487 13.796749229989784)
46,ประตูระบายน้ำคลองบางคูเวียง,1048,ถ.พัฒนาศาลาธรรมสพน์,03,1,กว้าง4.0ม.*สูง4.5ม.,POINT (100.35950221266886 13.800005604600367)
26,ประตูระบายน้ำคลองบางขุนนท์,1020,ถ.บางขุนนท์- ตลิ่งชัน,03,1,กว้าง4.0ม.*สูง4.0ม.,POINT (100.4668808464011 13.772945747759735)
47,ประตูระบายน้ำคลองบัว,1019,ทางรถไฟสายใต้,03,1,กว้าง4.0ม.*สูง4.5ม.,POINT (100.41652235454464 13.799169076050841)
68,ประตูระบายน้ำคลองทวีวัฒนา,1048,ถ.พัฒนาศาลาธรรมสพน์,03,1,กว้าง6.0ม.*สูง5.0ม.,POINT (100.3297454961023 13.800471077259637)
48,ประตูระบายน้ำคลองควาย,1048,ถ.พัฒนาศาลาธรรมสพน์,03,1,กว้าง4.0ม.*สูง4.5ม.,POINT (100.38147527508933 13.797617730737079)
49,ประตูระบายน้ำคลองซอย,1048,ถ.พัฒนาศาลาธรรมสพน์,03,1,กว้าง4.0ม.*สูง4.5ม.,POINT (100.38192229937903 13.79544579991451)
50,ประตูระบายน้ำคลองขุนศรีบุรีรักษ์,1048,ถ.พัฒนาศาลาธรรมสพน์,03,1,กว้าง4.0ม.*สูง4.5ม.,POINT (100.36923399431232 13.798878473925157)
27,ประตูระบายน้ำปากคลองวัดทองเพลง,1018,สะพานเจริญนคร 2,03,1,กว้าง4.0ม.*สูง4.0ม.,POINT (100.50327735335792 13.724917560203004)
28,ประตูระบายน้ำปากคลองบางลำภูล่าง,1018,ปากคลองวัดเศวต ซอยเจริญนคร 4,03,1,กว้าง4.0ม.*สูง4.0ม.,POINT (100.50522783123549 13.714697881378397)
29,ประตูระบายน้ำปากคลองต้นไทร,1018,สะพานเจริญนคร 3,03,1,กว้าง4.0ม.*สูง4.0ม.,POINT (100.50902809965625 13.72978920088921)
30,ประตูระบายน้ำคลองห้าเจดีย์,1035,คลองด่าน ถ.วุฒากาศ,03,1,กว้าง4.0ม.*สูง4.0ม.,POINT (100.46847656788101 13.701637794031576)
31,ประตูระบายน้ำคลองสำเหร่ ถนนเทอไท,1015,ถ.เทอดไท,01,2,กว้าง4.0ม.*สูง4.0ม.,POINT (100.48212606182487 13.722450475962873)
32,ประตูระบายน้ำคลองวัดอนงค์,1018,ซอยอุทัย ถ.พญาไม้,01,2,กว้าง4.0ม.*สูง4.0ม.,POINT (100.49807324776245 13.736410699005562)
33,ประตูระบายน้ำคลองวัดเศวต เจริญนคร 4,1018,สะพานเจริญนคร 4,01,1,กว้าง4.0ม.*สูง4.0ม.,POINT (100.50936448658379 13.725677072201258)
60,ประตูระบายน้ำคลองวัดทองเพลง เจริญนคร 2,1018,สะพานเจริญนคร 2,01,1,กว้าง5.0ม.*สูง4.0ม.,POINT (100.5042933948422 13.725081055285646)
34,ประตูระบายน้ำคลองบุบผาราม,1015,ข้างสน.บุปผาราม,01,1,กว้าง4.0ม.*สูง4.0ม.,POINT (100.49027274811003 13.736289358879786)
52,ประตูระบายนน้ำคลองบางบูน,1024,ถ.ราษฏร์บูรณะ,03,1,กว้าง4.0ม.*สูง5.0ม.,POINT (100.50512264526989 13.68236149018432)
35,ประตูระบายน้ำคลองบางค้อ(ตอนถนนวุฒากาศ),1015,สะพานวุฒากาศ 2,01,1,กว้าง4.0ม.*สูง4.0ม.,POINT (100.47190756978142 13.716772898193287)
65,ประตูระบายน้ำคลองต้นไทร เจริญนคร 3,1018,สะพานเจริญนคร 3,01,1,กว้าง6.0ม.*สูง4.0ม.,POINT (100.51137180409837 13.728171357269067)
66,ประตูระบายน้ำประตูเรือสัญจร วัดลูกวัว,1021,ซ.เทียนทะเล25 ถ.บางขุนเทียน-ชายฝั่งทะเล,03,1,กว้าง6.0ม.*สูง4.0ม.,POINT (100.44192004241144 13.57046096974983)
9,ประตูระบายน้ำลองแยกคลองเชิงตาแพ,1021,ซ.เทียนทะเล25 ถ.บางขุนเทียน-ชายฝั่งทะเล,03,1,กว้าง4.0ม.*สูง3.5ม.,POINT (100.4317093327903 13.572972516726155)
10,ประตูระบายน้ำลองรางยายเพียร,1021,ซ.เทียนทะเล25 ถ.บางขุนเทียน-ชายฝั่งทะเล,03,1,กว้าง4.0ม.*สูง3.5ม.,POINT (100.43409298227742 13.593654448846586)
36,ประตูระบายน้ำคลองรางยายคง,1021,ถ.บางขุนเทียน-ชายฝั่งทะเล,03,1,กว้าง4.0ม.*สูง4.0ม.,POINT (100.4320637861463 13.500426782266585)
37,ประตูระบายน้ำคลองหัวกระบือ,1021,ถ.แสมดำ เขตบางุนเทียน,03,1,กว้าง4.0ม.*สูง4.0ม.,POINT (100.44561130849065 13.57227871633681)
38,ประตูระบายน้ำคลองรางโพธิ์,1021,ถ.อนามัยงามเจริญ เขตบางขุนเทียน,03,1,กว้าง4.0ม.*สูง4.0ม.,POINT (100.41050820852777 13.610129003540669)
39,ประตูระบายน้ำคลองบุญสขุ,1021,ถ.อนามัยงามเจริญ เขตบางขุนเทียน,03,1,กว้าง4.0ม.*สูง4.0ม.,POINT (100.41311690939295 13.60692449272754)
40,ประตูระบายน้ำคลองรางสะแก,1021,ถ.อนามัยงามเจริญ เขตบางขุนเทียน,03,1,กว้าง4.0ม.*สูง4.0ม.,POINT (100.43413847837407 13.625493598222581)
41,ประตูระบายน้ำคลองนา,1021,ถนนคลองกระออม-คลองสวน,03,1,กว้าง4.0ม.*สูง4.0ม.,POINT (100.46847922479273 13.604962682935351)
42,ประตูระบายน้ำคลองม่วง,1021,ซ.บางกระดี่ 32 ถ.บางกระดี่ แขวงแสมดำ,03,1,กว้าง4.0ม.*สูง4.0ม.,POINT (100.40192356292764 13.605240835275728)
43,ประตูระบายน้ำคลองบางขนุน,1021,ซ.บางกระดี่ 32 ถ.บางกระดี่ แขวงแสมดำ,03,1,กว้าง4.0ม.*สูง4.0ม.,POINT (100.39199129311176 13.595294388213478)
44,ประตูระบายน้ำคลองตรง,1021,ซ.จุลพงษ์ ถ.บางขุนเทียน-ชายทะเล,03,1,กว้าง4.0ม.*สูง4.0ม.,POINT (100.41160101416054 13.614027709430657)
45,ประตูระบายน้ำคลองวัดใหม่ภาวนา(ปากคลอง),1020,ซ.วัดใหม่ภาวนา ถ.บางขุนนท์-ตลิ่งชัน,03,1,กว้าง4.0ม.*สูง4.0ม.,POINT (100.4681877068678 13.777540314990457)
